sample_id,animal_id,binary_target,raw_label,raw_sequence_length,torso_length,back_arch_curvature,head_nodding_amplitude,torso_normalized_stride_length,stance_timing_asymmetry,normalized_walking_speed,knee_flexion_range
001,87,0,1,139,0.05468177795410156,0.006521476432681084,0.380327969789505,14.576574325561523,0.0,0.08984720706939697,56.864524841308594
002,78,0,1,107,0.05624249577522278,-0.06454915553331375,0.5673856735229492,14.619266510009766,0.0,0.11245978623628616,42.5675048828125
003,1,0,1,113,0.05571471154689789,0.049058374017477036,0.4110585153102875,15.061810493469238,0.0,0.1103360578417778,42.93771553039551
004,45,1,2,125,0.06125594675540924,-0.03465256839990616,0.4440118968486786,13.416205406188965,0.0,0.08955031633377075,38.9410285949707
005,65,0,1,153,0.053721845149993896,-0.06486624479293823,0.6313990950584412,14.320517539978027,0.0,0.0864245817065239,33.12277603149414
006,49,1,2,141,0.06728388369083405,-0.009762936271727085,0.55733323097229,11.79947280883789,0.0,0.07391394674777985,38.990116119384766
007,90,1,2,136,0.06271545588970184,-0.025055252015590668,0.4207383096218109,14.332171440124512,0.0,0.07669694721698761,38.57568168640137
008,28,0,1,124,0.059107355773448944,-0.11103461682796478,0.3346852660179138,15.997258186340332,0.0,0.09756544977426529,38.61524772644043
009,2,1,3,181,0.06574226915836334,-0.0066597918048501015,0.7440177202224731,8.953041076660156,0.0,0.050820644944906235,35.14439392089844
010,72,0,1,127,0.05906284973025322,-0.05653814971446991,0.5892652273178101,15.65886402130127,0.0,0.09181464463472366,69.94027137756348
011,47,1,4,155,0.05448530614376068,0.0053552743047475815,1.1013388633728027,15.415992736816406,0.0,0.08552800118923187,38.50277519226074
012,73,1,3,125,0.06527235358953476,-0.0986388698220253,0.7161238789558411,13.107412338256836,0.0,0.08240330219268799,45.36651039123535
013,92,0,1,113,0.0562170073390007,-0.043805379420518875,0.6003223061561584,14.599954605102539,0.0,0.10505563020706177,40.2750358581543
014,39,1,2,127,0.053767312318086624,-0.050705648958683014,0.3915068209171295,16.571077346801758,0.0,0.1036176085472107,37.5599308013916
015,75,1,2,119,0.05851040408015251,-0.05958827957510948,0.5620481371879578,14.928614616394043,0.0,0.10104970633983612,60.865234375
016,84,1,2,133,0.051447078585624695,-0.16253946721553802,0.7130903005599976,15.972163200378418,0.0,0.10049706697463989,44.17919731140137
017,8,0,1,113,0.05136626586318016,-0.0813671201467514,0.6435610055923462,17.09225082397461,0.0,0.11687061935663223,53.861690521240234
018,9,1,4,160,0.062463875859975815,0.1650591492652893,0.7228240370750427,12.47544002532959,0.0,0.07136125862598419,30.965347290039062
019,82,0,1,145,0.054973430931568146,0.051072634756565094,0.8942272663116455,14.804699897766113,0.0,0.1224764958024025,41.602678298950195
020,20,1,2,136,0.0510406419634819,-0.09283724427223206,0.9477099180221558,15.9825439453125,0.0,0.09825202822685242,37.43229293823242
021,70,0,1,129,0.05286119878292084,-0.02385379560291767,0.7829837203025818,16.62053108215332,0.0,0.10317181795835495,38.047245025634766
022,34,1,2,128,0.05219568684697151,0.00339504424482584,0.5798400044441223,16.50353240966797,0.0,0.11650925874710083,34.91164016723633
023,44,0,1,144,0.050187207758426666,-0.022927623242139816,0.7424010038375854,14.841660499572754,0.0,0.0950617715716362,35.91093635559082
024,89,0,1,103,0.05539875477552414,-0.05838831141591072,0.5018607974052429,14.922689437866211,0.0,0.11724735796451569,41.09463882446289
025,81,1,4,116,0.06280376762151718,0.0011136746034026146,0.6134885549545288,12.868220329284668,0.0,0.08960393071174622,28.39968490600586
026,86,1,2,134,0.061264798045158386,-0.020640689879655838,0.47207629680633545,12.914599418640137,0.0,0.08307492733001709,35.1864128112793
027,85,1,2,119,0.0652904137969017,-0.00526313716545701,0.5588385462760925,13.401082038879395,0.0,0.08949758857488632,33.85825729370117
028,55,0,1,155,0.04423173516988754,0.0344059020280838,0.7452509999275208,16.695100784301758,0.0,0.10683690011501312,33.04547882080078
029,35,0,1,127,0.05911146104335785,-0.03473014384508133,0.41069814562797546,14.53403377532959,0.0,0.09078238904476166,38.6234073638916
030,57,1,2,111,0.05315912887454033,0.03389745205640793,0.5106595158576965,15.912565231323242,0.0,0.11423309892416,33.510536193847656
031,38,1,2,128,0.05549994111061096,-0.05323030799627304,0.792668342590332,15.702432632446289,0.0,0.1061418205499649,34.21273422241211
032,19,0,1,110,0.05986400321125984,-0.054191648960113525,0.301554799079895,13.536026000976562,0.0,0.10017245262861252,34.30946731567383
033,46,1,4,173,0.07072208821773529,-0.06539388000965118,0.46620625257492065,9.978841781616211,0.0,0.05740946903824806,31.62063217163086
034,91,1,2,133,0.05504361540079117,-0.060743220150470734,0.5802623629570007,15.618571281433105,0.0,0.09687343239784241,36.52499008178711
035,83,1,2,108,0.05729924887418747,0.068238765001297,0.5536583662033081,13.426755905151367,0.0,0.10766910761594772,38.30070114135742
036,77,0,1,104,0.05361893028020859,-0.17553120851516724,0.46229416131973267,14.986372947692871,0.0,0.11795996874570847,42.6824836730957
037,90,0,1,124,0.05466582998633385,-0.049404069781303406,0.6164768934249878,18.30645751953125,0.0,0.0986081138253212,52.563241958618164
038,43,1,2,115,0.057229265570640564,-0.091302789747715,0.2489553838968277,15.543986320495605,0.0,0.10581912845373154,39.053321838378906
039,40,0,1,101,0.059467460960149765,-0.0423579178750515,0.5201811194419861,13.632417678833008,0.0,0.12109116464853287,39.36979293823242
040,8,0,1,129,0.05672599375247955,-0.06398090720176697,0.6291260123252869,16.299758911132812,0.0,0.09492231160402298,33.21802520751953
041,26,1,2,103,0.060124002397060394,-0.08447592705488205,0.574440598487854,14.927282333374023,0.0,0.12513184547424316,45.34665107727051
042,23,0,1,103,0.06615464389324188,-0.04138106107711792,2.0864267349243164,12.503183364868164,0.0,0.09211089462041855,40.382972717285156
043,9,1,4,168,0.0554366372525692,0.13526609539985657,0.5839027762413025,10.71973705291748,0.0,0.056742120534181595,40.103715896606445
044,15,1,3,135,0.059328917413949966,-0.05689696595072746,0.6364520788192749,13.574151039123535,0.0,0.084267258644104,31.685867309570312
045,49,1,2,152,0.05419199913740158,-0.06176828220486641,1.0089914798736572,14.854223251342773,0.0,0.14917698502540588,46.20429992675781
046,70,1,2,130,0.05212278664112091,-0.04015769064426422,0.8407623171806335,15.469532012939453,0.0,0.09953660517930984,29.05225372314453
047,51,0,1,136,0.04898897930979729,-0.030323129147291183,0.7098902463912964,15.814043045043945,0.0,0.09922698140144348,40.10335350036621
048,67,0,1,128,0.056151531636714935,0.0680011659860611,1.152380347251892,17.35385513305664,0.0,0.09599117934703827,51.09937858581543
049,87,0,1,159,0.05553951859474182,-0.00893754418939352,0.4712788462638855,13.470704078674316,0.0,0.07964376360177994,32.97304153442383
050,51,0,1,102,0.061204224824905396,-0.0412595309317112,0.3113309144973755,9.87586498260498,0.0,0.07317636907100677,37.897945404052734
051,28,0,1,119,0.05762907862663269,0.2515803873538971,0.7678612470626831,15.152069091796875,0.0,0.19837674498558044,38.18485450744629
052,8,0,1,125,0.05274972319602966,-0.05362466350197792,0.5124759674072266,16.658939361572266,0.0,0.10458496958017349,42.329511642456055
053,78,0,1,102,0.05952499806880951,-0.0806560069322586,0.7395771145820618,12.554491996765137,0.0,0.10145395994186401,68.43083763122559
054,16,1,2,119,0.051678016781806946,-0.06671155244112015,0.6597129702568054,17.897136688232422,0.0,0.11234919726848602,55.87399101257324
055,15,1,2,117,0.05658989027142525,-0.06428325176239014,0.5336673855781555,15.779952049255371,0.0,0.09922397136688232,33.1753044128418
056,47,1,4,155,0.059028271585702896,0.032297249883413315,0.694115936756134,14.958403587341309,0.0,0.0759538933634758,49.11846923828125
057,69,1,2,113,0.06061156094074249,-0.014239252544939518,0.798416018486023,13.976744651794434,0.0,0.09736858308315277,38.23387908935547
058,50,0,1,141,0.06203816831111908,-0.05190632492303848,0.752274215221405,14.518170356750488,0.0,0.08474380522966385,34.57849311828613
059,97,1,3,154,0.06300388276576996,0.027690228074789047,0.6314920783042908,13.7101469039917,0.0,0.07562056183815002,51.752553939819336
060,44,0,1,182,0.053438521921634674,0.019385095685720444,0.7991714477539062,12.203156471252441,0.0,0.073008693754673,36.69603729248047
061,24,1,2,126,0.06360911577939987,0.0035996821243315935,0.40444666147232056,12.95959758758545,0.0,0.08074308186769485,34.93754577636719
062,55,0,1,124,0.0567447766661644,0.103810153901577,0.5256215333938599,15.931831359863281,0.0,0.10171525925397873,33.92655563354492
063,84,1,3,125,0.05512302741408348,-0.12066064029932022,0.7092799544334412,15.966490745544434,0.0,0.10134537518024445,37.68182373046875
064,88,0,1,123,0.05161726102232933,0.05985153838992119,0.9077290296554565,18.1132755279541,0.0,0.1093633621931076,57.19810104370117
065,41,1,2,112,0.05674685537815094,-0.022730300202965736,0.6215590238571167,14.541784286499023,0.0,0.10984542220830917,34.80118179321289
066,90,1,2,128,0.06043486297130585,-0.04682854562997818,0.596177875995636,16.83792495727539,0.0,0.08643056452274323,70.98982429504395
067,34,1,2,107,0.05747068300843239,-0.0037347134202718735,0.4785727560520172,15.555732727050781,0.0,0.10872264951467514,43.449554443359375
068,22,1,2,154,0.05756506323814392,-0.006339279003441334,1.4925256967544556,17.176513671875,0.0,0.07893658429384232,98.33266639709473
069,1,0,1,112,0.05491621792316437,0.029915528371930122,0.5740727186203003,14.543791770935059,0.0,0.10534927248954773,40.0242919921875
070,75,1,2,125,0.056412000209093094,-0.04699120670557022,0.44957903027534485,15.649798393249512,0.0,0.09772106260061264,40.94230270385742
071,23,1,2,118,0.06733321398496628,-0.11081378161907196,1.2211586236953735,12.571181297302246,0.0,0.08223356306552887,40.9512939453125
072,70,1,2,126,0.0530376136302948,-0.07878215610980988,0.8202636241912842,16.26844024658203,0.0,0.10006014257669449,34.91103744506836
073,13,1,2,130,0.06940911710262299,-0.05523040145635605,0.5918254852294922,12.321466445922852,0.0,0.07993928343057632,32.48830032348633
074,81,1,3,110,0.06258828192949295,0.014902099967002869,0.46364232897758484,13.256589889526367,0.0,0.09819342195987701,32.631473541259766
075,38,1,2,126,0.04793830215930939,-0.06473738700151443,1.1161305904388428,18.090728759765625,0.0,0.12724970281124115,43.87494468688965
076,4,1,2,118,0.05276458337903023,-0.07743442058563232,0.7501013875007629,17.337854385375977,0.0,0.11476072669029236,36.08133888244629
077,86,1,2,153,0.05901588499546051,-0.056158050894737244,0.6955523490905762,12.64037036895752,0.0,0.07709477096796036,34.491371154785156
078,93,0,1,118,0.05550118908286095,0.08637191355228424,0.4535031318664551,15.53158950805664,0.0,0.10415799170732498,34.96202850341797
079,43,1,2,162,0.056731656193733215,-0.07007025182247162,0.5642911791801453,13.838080406188965,0.0,0.08410225063562393,31.643447875976562
080,25,0,1,133,0.04732444882392883,0.06184876710176468,1.1463844776153564,18.63214874267578,0.0,0.11450556665658951,36.20572853088379
081,40,0,1,104,0.05830570310354233,-0.06074850261211395,0.5963990092277527,14.065154075622559,0.0,0.10887254774570465,33.22660446166992
082,15,1,3,141,0.05330892652273178,-0.13755488395690918,1.0675660371780396,15.313647270202637,0.0,0.09431229531764984,29.613323211669922
083,79,0,1,122,0.05850221589207649,-0.02435648813843727,0.3527339994907379,15.1437406539917,0.0,0.09797672182321548,34.25255584716797
084,3,1,3,119,0.06625043600797653,-0.06204738840460777,0.7018870115280151,12.601037979125977,0.0,0.08297761529684067,33.818824768066406
085,18,0,1,116,0.05627041310071945,0.006357922218739986,0.6019906997680664,16.003393173217773,0.0,0.11054318398237228,44.199737548828125
086,18,0,1,133,0.05351489782333374,0.013128389604389668,0.8536994457244873,26.719022750854492,0.0,0.16709594428539276,70.71370124816895
087,51,0,1,150,0.053262025117874146,-0.03426488861441612,0.3974020779132843,14.109737396240234,0.0,0.08468271791934967,35.03498077392578
088,82,0,1,140,0.053862836211919785,0.07941155135631561,0.43476778268814087,14.665891647338867,0.0,0.0909738689661026,31.140777587890625
089,20,1,2,138,0.049343857914209366,-0.11036176234483719,0.7537246346473694,16.199813842773438,0.0,0.10074006021022797,42.63278388977051
090,69,0,1,117,0.052287280559539795,-0.003916729241609573,0.8632200360298157,16.69742202758789,0.0,0.10971023142337799,38.714088439941406
091,96,1,2,114,0.059481531381607056,-0.04491789638996124,0.4608016908168793,14.972979545593262,0.0,0.11884851008653641,46.65768051147461
092,51,0,1,149,0.05542071908712387,-0.05849536880850792,0.7348546981811523,13.456718444824219,0.0,0.08398591727018356,29.72330093383789
093,73,1,3,115,0.06439603865146637,-0.08534573018550873,0.8981453776359558,13.57268238067627,0.0,0.09566459059715271,36.40260696411133
094,93,1,2,97,0.05714030563831329,-0.03663122281432152,0.49158328771591187,14.02407169342041,0.0,0.12003543227910995,38.90610122680664
095,86,1,2,113,0.06028013303875923,-0.020463669672608376,0.5796794891357422,14.001704216003418,0.0,0.10277031362056732,37.19901657104492
096,17,0,1,146,0.04966522753238678,-0.08765391260385513,0.9451572299003601,15.135834693908691,0.0,0.10430184751749039,37.85603141784668
097,2,1,2,128,0.05671686679124832,-0.05089703947305679,0.7801870107650757,15.2178316116333,0.0,0.09561897814273834,38.53776931762695
098,4,1,2,148,0.05244656652212143,-0.13386887311935425,0.6462701559066772,14.588912010192871,0.0,0.08959376811981201,36.426910400390625
099,97,1,3,154,0.06199222803115845,0.008104492910206318,0.6152681112289429,12.320094108581543,0.0,0.07457175850868225,36.09600067138672
100,72,1,2,118,0.05832122266292572,-0.05597679316997528,0.40978655219078064,17.3426570892334,0.0,0.09763383120298386,69.3305778503418
101,36,0,1,131,0.05041543394327164,0.013902077451348305,0.33547016978263855,16.70880889892578,0.0,0.1255941092967987,32.92068862915039
102,76,1,2,179,0.06607271730899811,-0.10000821202993393,1.0229655504226685,9.139437675476074,0.0,0.05442066118121147,34.15656661987305
103,6,0,1,128,0.045491427183151245,-0.0686895027756691,1.238762617111206,34.007965087890625,0.0,0.2601306736469269,138.9264144897461
104,19,0,1,108,0.05791955068707466,-0.07211426645517349,0.4865451157093048,14.405445098876953,0.0,0.11065475642681122,37.269765853881836
105,16,1,4,133,0.05238449573516846,-0.08519002050161362,0.5313641428947449,15.924970626831055,0.0,0.10110559314489365,36.51683807373047
106,48,1,2,111,0.04807455837726593,0.04488411918282509,0.5042951703071594,18.81253433227539,0.0,0.12602071464061737,41.469181060791016
107,35,0,1,106,0.05527845397591591,-0.02100250869989395,0.30054816603660583,14.595195770263672,0.0,0.11448755860328674,39.82680892944336
108,61,0,1,120,0.04683084040880203,0.035360101610422134,0.6748566627502441,17.7630558013916,0.0,0.12474212795495987,32.46645736694336
109,46,1,4,178,0.07344992458820343,-0.0965709388256073,0.41209447383880615,8.439844131469727,0.0,0.04848126694560051,26.48306655883789
110,22,1,2,116,0.05273617058992386,-0.05423572659492493,0.6788843274116516,15.685362815856934,0.0,0.10994266718626022,35.60954666137695
111,77,0,1,114,0.05116190016269684,-0.16812478005886078,0.3670535087585449,15.807826042175293,0.0,0.11937441676855087,32.685420989990234
112,94,0,1,136,0.04390393942594528,-0.06735648959875107,1.0898970365524292,18.336143493652344,0.0,0.11901341378688812,37.81782150268555
113,78,0,1,124,0.056946393102407455,-0.023364562541246414,0.5845726728439331,14.751107215881348,0.0,0.09957051277160645,37.27043533325195
114,92,1,2,163,0.05491328239440918,0.007515403442084789,0.70166015625,12.393065452575684,0.0,0.07532865554094315,33.08264923095703
115,41,1,2,113,0.05421218276023865,-0.10651533305644989,1.0319894552230835,15.231645584106445,0.0,0.11347591131925583,43.244192123413086
116,85,0,1,128,0.06915801763534546,0.029487237334251404,0.3801998794078827,12.490717887878418,0.0,0.07838501036167145,41.57036018371582
117,7,0,1,91,0.05253694951534271,0.07229872792959213,0.6322768926620483,13.968731880187988,0.0,0.133667454123497,35.25912857055664
118,91,1,2,140,0.05592785030603409,-0.06437262892723083,0.587128758430481,14.770405769348145,0.0,0.09412176162004471,45.9443244934082
119,40,0,1,108,0.05937453359365463,-0.03937358781695366,0.5514006614685059,13.702413558959961,0.0,0.10697337239980698,35.98013877868652
120,52,0,1,115,0.04261467233300209,-0.07468616962432861,1.0515196323394775,20.949459075927734,0.0,0.14481991529464722,55.61851119995117
121,74,1,2,183,0.057431504130363464,-0.026504293084144592,0.745296835899353,11.83265495300293,0.0,0.07076378166675568,47.71737289428711
122,71,0,1,131,0.047709718346595764,-0.10064511001110077,0.8589664101600647,18.736135482788086,0.0,0.11410394310951233,31.164459228515625
123,81,1,4,176,0.07179710268974304,0.07833267748355865,0.779796302318573,8.268633842468262,0.0,0.049194302409887314,30.117366790771484
124,37,1,3,154,0.05550902336835861,0.023828119039535522,0.42366743087768555,13.503408432006836,0.0,0.08334912359714508,34.80630874633789
125,42,0,1,129,0.055062033236026764,-0.02693052776157856,0.435103178024292,15.902615547180176,0.0,0.10224884748458862,37.93254089355469
126,82,0,1,147,0.05520741641521454,0.0457177460193634,0.8249684572219849,14.874814987182617,0.0,0.09963170439004898,43.3695068359375
127,75,1,2,152,0.0589781180024147,-0.01547743659466505,2.2792365550994873,12.414345741271973,0.0,0.0777607262134552,33.951133728027344
128,96,1,2,130,0.07071135938167572,0.08438001573085785,0.6896471977233887,11.616244316101074,0.0,0.08441828936338425,33.13368797302246
129,69,1,2,146,0.05127411335706711,-0.017848826944828033,0.9753381013870239,14.767821311950684,0.0,0.09335409104824066,34.64992141723633
130,88,0,1,123,0.05337798222899437,0.09895800054073334,0.7389545440673828,15.935044288635254,0.0,0.10542057454586029,34.07002258300781
131,54,1,2,147,0.049494288861751556,-0.07775180041790009,1.1445602178573608,15.812310218811035,0.0,0.10143768787384033,34.499366760253906
132,38,0,1,124,0.05300550162792206,-0.06505792587995529,0.5978173613548279,16.14491844177246,0.0,0.11501314491033554,36.58117866516113
133,51,0,1,143,0.06170406937599182,-0.02858278714120388,0.4240826666355133,12.464628219604492,0.0,0.07546427100896835,33.65964126586914
134,69,1,2,125,0.05210127308964729,-0.05522245541214943,0.3936108946800232,16.27992820739746,0.0,0.10359775274991989,38.87502479553223
135,64,1,2,160,0.06131336838006973,0.0372483991086483,1.1204131841659546,11.866357803344727,0.0,0.07374408096075058,34.223819732666016
136,39,0,1,178,0.05549262464046478,0.0036232376005500555,1.1969105005264282,11.330434799194336,0.0,0.07008814811706543,29.325363159179688
137,19,0,1,107,0.0563783198595047,-0.06787630170583725,0.6066659688949585,13.98744010925293,0.0,0.11072224378585815,32.243343353271484
138,75,1,2,137,0.05646239221096039,-0.051123641431331635,0.7574703693389893,14.078818321228027,0.0,0.09097930788993835,39.11886787414551
139,89,0,1,119,0.05806538090109825,0.015354658477008343,0.8502070903778076,15.315917015075684,0.0,0.14171822369098663,51.1267147064209
140,84,1,2,137,0.04869009554386139,-0.1955799162387848,1.2124971151351929,16.4849796295166,0.0,0.10505806654691696,41.0634765625
141,37,1,4,187,0.0614534392952919,0.12610290944576263,1.3952348232269287,10.0973482131958,0.0,0.058107588440179825,32.5147819519043
142,44,0,1,148,0.05562504380941391,0.11487937718629837,1.5977264642715454,15.86860179901123,0.0,0.08503694832324982,42.848907470703125
143,28,0,1,174,0.05667019262909889,-0.06980642676353455,0.6833841800689697,11.818632125854492,0.0,0.07017772644758224,33.34815216064453
144,63,1,2,134,0.055757686495780945,-0.10314653813838959,0.4628198742866516,14.656224250793457,0.0,0.08942373842000961,43.82151222229004
145,36,0,1,131,0.05019159987568855,0.04545767605304718,0.4026396572589874,16.531322479248047,0.0,0.11721833050251007,38.4295654296875
146,78,0,1,119,0.05838293209671974,-0.0634763091802597,0.5863462090492249,14.594511985778809,0.0,0.10044416785240173,40.94007873535156
147,72,0,1,144,0.05588531494140625,-0.12719014286994934,0.5816007852554321,13.9671049118042,0.0,0.08769647777080536,36.210235595703125
148,7,0,1,102,0.052782222628593445,0.0464266836643219,0.5201036334037781,16.654136657714844,0.0,0.13357414305210114,59.652902603149414
149,40,0,1,138,0.06251486390829086,0.0444134920835495,0.6846830248832703,13.135553359985352,0.0,0.08217561990022659,34.65565490722656
150,29,0,1,126,0.054626163095235825,0.044989895075559616,1.0657615661621094,15.217028617858887,0.0,0.09936446696519852,32.130035400390625
151,85,1,2,132,0.07692249864339828,0.0574893057346344,0.5426163077354431,10.612878799438477,0.0,0.0674099251627922,31.404632568359375
152,58,1,2,186,0.053167566657066345,-0.05020420625805855,0.5941722393035889,12.349995613098145,0.0,0.07982975244522095,30.755950927734375
153,83,1,2,109,0.05358342453837395,0.06500545889139175,0.58774334192276,15.42748737335205,0.0,0.11833114922046661,37.43375778198242
154,45,0,1,129,0.04805770516395569,-0.058606330305337906,1.770937442779541,17.948400497436523,0.0,0.11575579643249512,55.50883483886719
155,68,1,2,133,0.05407103896141052,-0.10423476248979568,0.7523961663246155,14.704254150390625,0.0,0.09493371099233627,31.66921615600586
156,5,0,1,181,0.05510050058364868,0.07193773984909058,1.0936214923858643,11.326478004455566,0.0,0.10351740568876266,50.618730545043945
157,77,0,1,107,0.05041941627860069,-0.12444428354501724,0.9761394262313843,16.404338836669922,0.0,0.16613635420799255,32.83802032470703
158,74,1,2,175,0.05363132059574127,-0.030983977019786835,0.3630914092063904,13.099553108215332,0.0,0.07993560284376144,34.29890823364258
159,52,0,1,152,0.04644383490085602,0.05609530955553055,1.2018581628799438,18.656578063964844,0.0,0.10429272055625916,74.33366584777832
160,51,0,1,154,0.053205981850624084,-0.0030790395103394985,0.5253613591194153,13.497633934020996,0.0,0.08335491269826889,28.042259216308594
161,79,1,2,160,0.05601312220096588,-0.025470152497291565,0.7234115600585938,13.370241165161133,0.0,0.07767239958047867,34.73106384277344
162,23,0,1,113,0.06624478101730347,-0.03556191176176071,0.6064154505729675,12.459820747375488,0.0,0.09394492208957672,37.10151672363281
163,48,0,1,127,0.04873213544487953,0.06072189658880234,1.3388842344284058,17.713550567626953,0.0,0.11014693975448608,38.15826988220215
164,53,0,1,107,0.04841797053813934,0.09809017181396484,1.7669365406036377,17.662187576293945,0.0,0.12875977158546448,50.52303695678711
165,30,0,1,104,0.04812384396791458,0.0017457077046856284,0.8990142345428467,16.71152114868164,0.0,0.13573001325130463,37.34893798828125
166,19,0,1,114,0.05726071447134018,-0.08386804908514023,0.5569320321083069,14.636740684509277,0.0,0.10406189411878586,51.2934627532959
167,22,1,2,121,0.05816962942481041,-0.07379424571990967,0.8758934736251831,13.932190895080566,0.0,0.09375918656587601,33.38842010498047
168,4,1,2,134,0.05347480624914169,-0.0757562667131424,0.5217528343200684,15.30115795135498,0.0,0.0960848405957222,30.086071014404297
169,39,1,2,159,0.05429450795054436,-0.04135521873831749,0.49157607555389404,13.140185356140137,0.0,0.08174410462379456,36.50284957885742
170,53,0,1,127,0.049084264785051346,0.12737150490283966,1.0529345273971558,17.630952835083008,0.0,0.10992118716239929,37.626787185668945
171,42,0,1,117,0.05649581551551819,-0.01969117857515812,0.5108906626701355,15.227858543395996,0.0,0.10453665256500244,39.48259925842285
172,18,0,1,112,0.057843271642923355,-0.014032633975148201,0.45999622344970703,15.081351280212402,0.0,0.11092951893806458,38.506357192993164
173,89,0,1,94,0.055829815566539764,-0.02833450771868229,0.6242097616195679,13.49996566772461,0.0,0.11877647042274475,37.13591384887695
174,1,0,1,101,0.060629986226558685,0.05296183004975319,0.6503188610076904,12.802251815795898,0.0,0.10498945415019989,42.5071964263916
175,74,1,2,154,0.0582926869392395,-0.07164338231086731,0.4883980453014374,12.526775360107422,0.0,0.07351577281951904,31.778705596923828
176,41,0,1,131,0.05406550318002701,-0.07000482082366943,0.6103439927101135,15.49282455444336,0.0,0.09597072005271912,33.93218231201172
177,32,0,1,151,0.06203509867191315,-0.036658547818660736,0.3972534239292145,12.06781005859375,0.0,0.07344494014978409,33.82256317138672
178,76,1,2,152,0.06501419842243195,-0.07696932554244995,1.5676134824752808,11.742042541503906,0.0,0.07334883511066437,35.92075729370117
179,37,0,1,124,0.055611126124858856,-0.012385601177811623,0.6560085415840149,15.056699752807617,0.0,0.09835515171289444,37.81281280517578
180,73,1,2,108,0.06148671358823776,-0.12387919425964355,0.5977368354797363,13.702483177185059,0.0,0.10117700695991516,38.455665588378906
181,6,0,1,130,0.0461922213435173,-0.06965625286102295,0.38494688272476196,18.35938262939453,0.0,0.11564291268587112,35.04811096191406
182,79,1,2,129,0.057127632200717926,-0.012992620468139648,0.6763136982917786,15.981831550598145,0.0,0.09219195693731308,36.48803520202637
183,80,1,3,175,0.06779797375202179,0.06658802181482315,0.7411328554153442,9.663433074951172,0.0,0.05683252960443497,27.673660278320312
184,68,0,1,146,0.05389819294214249,-0.13338647782802582,1.175241470336914,14.243854522705078,0.0,0.08874384313821793,34.579837799072266
185,71,0,1,110,0.05481778830289841,-0.02595008909702301,0.721640944480896,15.55903148651123,0.0,0.11326727271080017,33.46028518676758
186,51,0,1,135,0.05342917889356613,-0.015264788642525673,0.7923789620399475,14.418015480041504,0.0,0.0886625200510025,39.07777976989746
187,17,0,1,152,0.054206687957048416,-0.11638246476650238,0.7298060655593872,14.034642219543457,0.0,0.10798753798007965,32.03411102294922
188,85,0,1,113,0.060475099831819534,0.040265873074531555,0.3323838710784912,14.295721054077148,0.0,0.10262925922870636,35.191450119018555
189,22,1,2,98,0.056879110634326935,-0.06352441012859344,0.6503126621246338,13.916836738586426,0.0,0.12122882157564163,35.67488479614258
190,44,0,1,131,0.05707290768623352,0.05694802105426788,1.206820011138916,14.106581687927246,0.0,0.09081168472766876,37.884090423583984
191,87,0,1,126,0.05346148461103439,0.03189528360962868,0.39155566692352295,15.571758270263672,0.0,0.10303989797830582,34.160953521728516
192,38,0,1,115,0.054642416536808014,-0.08184198290109634,0.6378101110458374,14.976261138916016,0.0,0.11330587416887283,33.44732666015625
193,56,1,2,117,0.059076372534036636,0.048336394131183624,0.9794203639030457,14.090346336364746,0.0,0.09775100648403168,36.78998565673828
194,5,0,1,138,0.059444501996040344,0.022529296576976776,0.6938711404800415,13.647544860839844,0.0,0.10467550903558731,36.96393966674805
195,94,0,1,107,0.04558907449245453,-0.08517184108495712,0.504505455493927,18.309038162231445,0.0,0.14372190833091736,38.360612869262695
196,67,0,1,125,0.04700293391942978,0.039195530116558075,0.7323772311210632,19.771507263183594,0.0,0.12186848372220993,45.68020057678223
197,35,0,1,90,0.06026390939950943,-0.04767858237028122,0.7516244053840637,13.157586097717285,0.0,0.12008801102638245,46.44675827026367
198,93,0,1,108,0.05633870139718056,-0.01589786633849144,0.5559630393981934,14.181098937988281,0.0,0.10953866690397263,37.95673942565918
199,82,0,1,126,0.05484593287110329,0.10506922751665115,0.8613828420639038,15.899450302124023,0.0,0.1092967763543129,36.165605545043945
200,21,0,1,130,0.0496826209127903,0.020687587559223175,0.8844054341316223,17.077648162841797,0.0,0.1083674505352974,35.29730987548828
201,66,1,2,116,0.05710022523999214,-0.03208531066775322,0.6912565231323242,15.789751052856445,0.0,0.10391043871641159,47.91473388671875
202,46,0,1,121,0.06943084299564362,-0.050866786390542984,0.6151136159896851,12.690668106079102,0.0,0.08276902884244919,32.185237884521484
203,77,1,2,132,0.05197485536336899,-0.14750102162361145,0.7692075371742249,16.017684936523438,0.0,0.10196006298065186,38.71110534667969
204,27,0,1,125,0.059285957366228104,0.028206268325448036,0.7448935508728027,15.703060150146484,0.0,0.0960652306675911,70.23596954345703
205,95,0,1,112,0.051674939692020416,-0.00544312596321106,0.44045424461364746,19.304595947265625,0.0,0.12147591263055801,49.09821319580078
206,42,0,1,131,0.05963776260614395,0.009108823724091053,0.6182333827018738,14.029730796813965,0.0,0.08465461432933807,34.501230239868164
207,3,1,3,154,0.06281782686710358,-0.0016158090438693762,0.7160375714302063,11.850567817687988,0.0,0.06938759982585907,29.60083770751953
208,79,1,2,178,0.05922020226716995,-0.0019073993898928165,0.9729512333869934,11.800141334533691,0.0,0.0682399645447731,33.860965728759766
209,64,0,1,99,0.054637324064970016,-0.044458113610744476,0.3285200893878937,14.103419303894043,0.0,0.11789461970329285,34.53076934814453
210,20,1,2,139,0.052594657987356186,-0.09414833784103394,0.6321622729301453,14.724370002746582,0.0,0.09321176260709763,32.997615814208984
211,87,0,1,139,0.05309000611305237,0.04490929841995239,0.5020002722740173,15.112921714782715,0.0,0.09445220977067947,32.4054069519043
212,12,0,1,148,0.056619368493556976,-0.12311424314975739,0.6788676977157593,13.376909255981445,0.0,0.08312774449586868,33.813236236572266
213,44,1,2,134,0.06532486528158188,0.1585095226764679,0.41460734605789185,11.940003395080566,0.0,0.07673532515764236,33.663150787353516
214,92,0,1,136,0.05118654668331146,-0.06152433902025223,0.5380277633666992,15.480782508850098,0.0,0.09916150569915771,31.32210922241211
215,50,0,1,160,0.049014151096343994,-0.08051589131355286,0.6390447020530701,14.447551727294922,0.0,0.09009657055139542,31.110469818115234
216,36,1,2,152,0.05243532359600067,0.022360514849424362,0.6369829773902893,14.500638961791992,0.0,0.0986974909901619,32.451446533203125
217,76,1,4,165,0.06811302155256271,-0.10113372653722763,0.6858280897140503,10.664116859436035,0.0,0.06529350578784943,32.55757522583008
218,56,1,3,169,0.05584723502397537,0.04157646745443344,0.6706531047821045,14.179603576660156,0.0,0.08108295500278473,42.70576286315918
219,73,1,2,129,0.06284591555595398,-0.11394892632961273,0.8509989976882935,14.16540813446045,0.0,0.08729695528745651,34.031429290771484
220,88,0,1,107,0.05532202869653702,0.09261981397867203,0.6601412892341614,15.067383766174316,0.0,0.11479568481445312,36.66492462158203
221,72,1,2,156,0.05853141099214554,-0.03012278862297535,0.9586369395256042,12.260506629943848,0.0,0.07409383356571198,32.242916107177734
222,52,0,1,128,0.045979250222444534,-0.09985050559043884,0.7908177971839905,22.208248138427734,0.0,0.11945763975381851,49.924522399902344
223,38,0,1,114,0.06496252119541168,-0.05928276851773262,0.7224047780036926,12.083237648010254,0.0,0.0966314747929573,34.62003707885742
224,59,1,4,163,0.056696802377700806,-0.0627516359090805,1.0557974576950073,11.915644645690918,0.0,0.07507430762052536,24.607635498046875
225,67,0,1,122,0.046017833054065704,0.05361025035381317,0.5326861143112183,17.70351219177246,0.0,0.12164989858865738,35.21876907348633
226,41,1,2,106,0.058647893369197845,-0.07542140781879425,0.8733190298080444,13.82271957397461,0.0,0.1064891368150711,41.49302673339844
227,78,0,1,119,0.05576571822166443,-0.028490563854575157,0.7146083116531372,15.755646705627441,0.0,0.10458037257194519,33.97504806518555
228,43,1,2,189,0.05369524657726288,-0.0849476009607315,0.5457214713096619,12.389945983886719,0.0,0.07531438022851944,31.142974853515625
229,51,0,1,138,0.05407293140888214,-0.040095143020153046,0.7023849487304688,14.241705894470215,0.0,0.08941105753183365,35.851280212402344
230,34,0,1,170,0.048967838287353516,-0.07761600613594055,0.6832377314567566,13.068660736083984,0.0,0.07919236272573471,37.454463958740234
231,11,0,1,141,0.050886478275060654,-0.06783691048622131,0.5234829783439636,16.80188751220703,0.0,0.10102751851081848,48.84295082092285
232,74,1,3,207,0.060148611664772034,0.04686891287565231,0.6526080369949341,11.460445404052734,0.0,0.06607118248939514,43.38188362121582
233,37,1,2,126,0.054381661117076874,-0.11919999867677689,0.7641611099243164,16.08009910583496,0.0,0.10235393047332764,36.46128845214844
234,39,0,1,169,0.055124785751104355,0.03649478405714035,0.8146927952766418,12.651105880737305,0.0,0.07451388239860535,30.625160217285156
235,89,0,1,110,0.05252490192651749,-0.018038030713796616,0.422057181596756,15.25348949432373,0.0,0.11407478153705597,33.01133346557617
236,44,0,1,177,0.05693477392196655,0.056240689009428024,0.49557414650917053,12.81747055053711,0.0,0.07440982013940811,34.97160720825195
237,18,0,1,134,0.05753909796476364,-0.00648617884144187,0.9495330452919006,15.246857643127441,0.0,0.09296476095914841,34.29838562011719
238,54,1,2,114,0.055282026529312134,-0.1063934788107872,0.998111367225647,14.537189483642578,0.0,0.10070627182722092,32.45810317993164
239,1,0,1,109,0.056017763912677765,0.034365296363830566,1.066128134727478,14.783184051513672,0.0,0.1091148629784584,40.450462341308594
240,72,0,1,198,0.05810551717877388,-0.03892014920711517,0.729851484298706,13.25950813293457,0.0,0.07747531682252884,37.89150047302246
241,29,0,1,147,0.05489201843738556,0.02387644723057747,0.3065904378890991,14.649292945861816,0.0,0.09077072888612747,35.91468811035156
242,76,1,3,186,0.07560749351978302,-0.12310744822025299,1.177584171295166,9.581547737121582,0.0,0.053875915706157684,51.8527717590332
243,85,1,2,159,0.06250672787427902,0.04474439099431038,0.3128296434879303,13.264274597167969,0.0,0.07371524721384048,32.50064468383789
244,75,1,2,191,0.054448582231998444,-0.051416222006082535,0.3843170404434204,10.991607666015625,0.0,0.06387048214673996,33.84372520446777
245,80,1,3,166,0.061958037316799164,0.008000104688107967,0.7796400189399719,11.948205947875977,0.0,0.06908869743347168,37.612239837646484
246,50,0,1,146,0.050416551530361176,-0.09477095305919647,0.5907256007194519,17.865007400512695,0.0,0.09335299581289291,51.82380485534668
247,88,0,1,111,0.05499141663312912,0.049250129610300064,0.7959825992584229,15.443304061889648,0.0,0.1112629622220993,35.41987228393555
248,36,1,2,158,0.054526351392269135,0.07065549492835999,0.4932878613471985,14.221189498901367,0.0,0.0851735919713974,33.853355407714844
249,17,1,2,186,0.05107438191771507,-0.04430484399199486,0.49119362235069275,13.30716609954834,0.0,0.11561302095651627,33.19439697265625
250,15,1,3,166,0.051994241774082184,-0.08976588398218155,0.5305353999137878,14.9519681930542,0.0,0.08556978404521942,31.572668075561523
251,38,0,1,131,0.047678690403699875,-0.0607270821928978,0.49292683601379395,19.30632209777832,0.0,0.11695928126573563,37.241098403930664
252,18,0,1,119,0.057695697993040085,0.0058663678355515,0.5594286322593689,15.36806869506836,0.0,0.10026894509792328,30.870407104492188
253,45,1,2,136,0.048708975315093994,-0.09209705889225006,0.962639331817627,17.655296325683594,0.0,0.10883290320634842,32.677005767822266
254,86,1,2,165,0.05786013603210449,-0.03818124532699585,0.7033134698867798,12.783263206481934,0.0,0.07767530530691147,33.069576263427734
255,97,0,1,155,0.06069953739643097,-0.008009721525013447,0.45014411211013794,14.032225608825684,0.0,0.07389706373214722,38.76142120361328
256,10,1,2,154,0.06207696348428726,-0.1405741572380066,0.326166033744812,12.4238862991333,0.0,0.08127480000257492,35.22039794921875
257,83,1,2,134,0.05492762476205826,0.040063805878162384,0.5118396282196045,15.171040534973145,0.0,0.09669037908315659,35.76674270629883
258,85,1,2,141,0.06211221218109131,0.0168466754257679,0.4459814727306366,13.248987197875977,0.0,0.08355318009853363,31.104534149169922
259,62,1,2,136,0.052335627377033234,-0.03984341025352478,0.5002219080924988,15.363774299621582,0.0,0.09371928870677948,34.573001861572266
260,60,0,1,142,0.044908568263053894,-0.03472078591585159,0.5590325593948364,17.643306732177734,0.0,0.11002679914236069,38.166343688964844
261,74,1,3,179,0.054934948682785034,-0.0032579745166003704,0.75484699010849,13.006048202514648,0.0,0.07544396072626114,32.852684020996094
262,14,0,1,158,0.05669241026043892,0.044494420289993286,0.7935752868652344,13.733061790466309,0.0,0.08431629091501236,37.11696243286133
263,76,1,3,169,0.06690020114183426,-0.13024964928627014,0.47443366050720215,10.65126895904541,0.0,0.0658690333366394,29.218799591064453
264,31,0,1,119,0.057999081909656525,-0.017437336966395378,0.5386021733283997,15.00440502166748,0.0,0.09976193308830261,33.760093688964844
265,18,0,1,120,0.057052843272686005,0.003255721414461732,0.632758617401123,15.268576622009277,0.0,0.10167483985424042,37.79743194580078
266,88,0,1,106,0.05505649372935295,0.0829392671585083,0.5605509281158447,15.839540481567383,0.0,0.11877040565013885,33.148841857910156
267,98,1,2,141,0.05061706155538559,0.02509482204914093,0.711963415145874,16.314504623413086,0.0,0.09975828230381012,33.877986907958984
268,21,0,1,113,0.05997958406805992,0.10782361030578613,0.5297237038612366,14.648545265197754,0.0,0.1006237119436264,27.62240219116211
269,44,0,1,122,0.052919141948223114,0.017878567799925804,0.34751009941101074,16.814105987548828,0.0,0.10832145065069199,41.63531303405762
270,49,0,1,113,0.05273739621043205,-0.05839826911687851,1.0284013748168945,15.814257621765137,0.0,0.11293317377567291,32.183990478515625
271,47,1,4,188,0.050636135041713715,0.014665933325886726,0.9181932806968689,13.316508293151855,0.0,0.07902142405509949,31.260784149169922
272,33,1,2,195,0.05131740868091583,-0.057106997817754745,0.8509408831596375,14.164456367492676,0.0,0.08248455822467804,30.447895050048828
