sample_id,animal_id,y_true,oof_prob,oof_pred,fold,oof_prob_calibrated,confidence,decision,inconclusive
1,87,0,0.058017503,0,5,0.05019269,0.89961463,NORMAL,False
2,78,0,0.12903892,0,4,0.16531733,0.66936535,NORMAL,False
3,1,0,0.035186782,0,2,0.045680523,0.90863895,NORMAL,False
4,45,1,0.84634024,1,5,0.8590751,0.71815026,LAMENESS_RISK,False
5,65,0,0.013669733,0,2,0.018641895,0.9627162,NORMAL,False
6,49,1,0.9517294,1,2,0.9512697,0.9025394,LAMENESS_RISK,False
7,90,1,0.38513383,0,4,0.43899602,0.122007966,INCONCLUSIVE,True
8,28,0,0.34292117,0,5,0.33573195,0.3285361,INCONCLUSIVE,True
9,2,1,0.90626657,1,4,0.913954,0.82790804,LAMENESS_RISK,False
10,72,0,0.08148831,0,3,0.096400775,0.80719846,NORMAL,False
11,47,1,0.6919709,1,3,0.7005695,0.40113902,LAMENESS_RISK,False
12,73,1,0.97717434,1,2,0.97615594,0.9523119,LAMENESS_RISK,False
13,92,0,0.055468567,0,3,0.067101166,0.86579764,NORMAL,False
14,39,1,0.06861031,0,5,0.060016647,0.87996674,NORMAL,False
15,75,1,0.12247112,0,2,0.14711416,0.7057717,NORMAL,False
16,84,1,0.7663307,1,5,0.77898806,0.5579761,LAMENESS_RISK,False
17,8,0,0.07397728,0,4,0.09904974,0.8019005,NORMAL,False
18,9,1,0.77609646,1,4,0.7998359,0.59967184,LAMENESS_RISK,False
19,82,0,0.116725765,0,1,0.13877712,0.7224457,NORMAL,False
20,20,1,0.82722527,1,2,0.8347306,0.66946125,LAMENESS_RISK,False
21,70,0,0.7523039,1,3,0.7573459,0.5146918,LAMENESS_RISK,False
22,34,1,0.58191425,1,4,0.626143,0.25228596,LAMENESS_RISK,False
23,44,0,0.0063164653,0,2,0.008941588,0.9821168,NORMAL,False
24,89,0,0.19545247,0,4,0.24087387,0.51825225,INCONCLUSIVE,True
25,81,1,0.8970739,1,2,0.8995049,0.7990098,LAMENESS_RISK,False
26,86,1,0.96107316,1,2,0.9603166,0.9206332,LAMENESS_RISK,False
27,85,1,0.86850667,1,3,0.86766905,0.7353381,LAMENESS_RISK,False
28,55,0,0.009439129,0,2,0.013107904,0.9737842,NORMAL,False
29,35,0,0.30988687,0,3,0.33439693,0.33120614,INCONCLUSIVE,True
30,57,1,0.109653994,0,4,0.14242403,0.7151519,NORMAL,False
31,38,1,0.13622375,0,4,0.17369673,0.65260655,NORMAL,False
32,19,0,0.080642655,0,4,0.107290015,0.78541994,NORMAL,False
33,46,1,0.86940813,1,4,0.8815597,0.76311946,LAMENESS_RISK,False
34,91,1,0.87371147,1,1,0.8747324,0.74946475,LAMENESS_RISK,False
35,83,1,0.37508658,0,1,0.40506324,0.18987352,INCONCLUSIVE,True
36,77,0,0.10771324,0,5,0.09714696,0.8057061,NORMAL,False
37,90,0,0.17746115,0,4,0.22080168,0.55839664,NORMAL,False
38,43,1,0.31113023,0,1,0.3418156,0.31636882,INCONCLUSIVE,True
39,40,0,0.12856446,0,4,0.16476204,0.67047596,NORMAL,False
40,8,0,0.32954463,0,4,0.38313067,0.23373866,INCONCLUSIVE,True
41,26,1,0.8161386,1,5,0.8291514,0.6583028,LAMENESS_RISK,False
42,23,0,0.7355463,1,1,0.74568963,0.49137926,LAMENESS_RISK,False
43,9,1,0.6059213,1,4,0.6480757,0.2961514,LAMENESS_RISK,False
44,15,1,0.9354365,1,5,0.94425523,0.88851047,LAMENESS_RISK,False
45,49,1,0.8130111,1,2,0.821634,0.643268,LAMENESS_RISK,False
46,70,1,0.7829683,1,3,0.78627855,0.5725571,LAMENESS_RISK,False
47,51,0,0.10940012,0,1,0.1306676,0.7386648,NORMAL,False
48,67,0,0.27308914,0,4,0.3246647,0.35067058,INCONCLUSIVE,True
49,87,0,0.07122285,0,5,0.06245703,0.87508595,NORMAL,False
50,51,0,0.8163422,1,1,0.82085854,0.6417171,LAMENESS_RISK,False
51,28,0,0.12652843,0,5,0.115403295,0.7691934,NORMAL,False
52,8,0,0.19002572,0,4,0.23484796,0.5303041,NORMAL,False
53,78,0,0.8534471,1,4,0.8675804,0.7351608,LAMENESS_RISK,False
54,16,1,0.50407803,1,3,0.52304685,0.046093702,LAMENESS_RISK,False
55,15,1,0.21991462,0,5,0.20864247,0.58271503,NORMAL,False
56,47,1,0.7613973,1,3,0.7659178,0.53183556,LAMENESS_RISK,False
57,69,1,0.932531,1,3,0.9299597,0.8599194,LAMENESS_RISK,False
58,50,0,0.40512124,0,1,0.43434173,0.13131654,INCONCLUSIVE,True
59,97,1,0.91305065,1,3,0.9108067,0.82161343,LAMENESS_RISK,False
60,44,0,0.7771118,1,2,0.78860986,0.5772197,LAMENESS_RISK,False
61,24,1,0.9363554,1,2,0.9365431,0.8730862,LAMENESS_RISK,False
62,55,0,0.016986711,0,2,0.022914747,0.9541705,NORMAL,False
63,84,1,0.92109394,1,5,0.93094593,0.86189187,LAMENESS_RISK,False
64,88,0,0.053640846,0,3,0.065012254,0.8699755,NORMAL,False
65,41,1,0.8162225,1,1,0.8207467,0.64149344,LAMENESS_RISK,False
66,90,1,0.4952071,0,4,0.54545635,0.0909127,LAMENESS_RISK,False
67,34,1,0.64299554,1,4,0.6816469,0.36329377,LAMENESS_RISK,False
68,22,1,0.8919627,1,1,0.8920438,0.78408766,LAMENESS_RISK,False
69,1,0,0.025707126,0,2,0.033944115,0.93211174,NORMAL,False
70,75,1,0.2661115,0,2,0.30039948,0.39920104,INCONCLUSIVE,True
71,23,1,0.8990465,1,1,0.89879435,0.7975887,LAMENESS_RISK,False
72,70,1,0.81784904,1,3,0.8193127,0.6386254,LAMENESS_RISK,False
73,13,1,0.8914164,1,4,0.900876,0.801752,LAMENESS_RISK,False
74,81,1,0.8917967,1,2,0.89457405,0.7891481,LAMENESS_RISK,False
75,38,1,0.16161342,0,4,0.20288849,0.594223,NORMAL,False
76,4,1,0.47882035,0,5,0.47881383,0.042372346,LAMENESS_RISK,False
77,86,1,0.96816313,1,2,0.9672452,0.93449044,LAMENESS_RISK,False
78,93,0,0.18906242,0,1,0.21671669,0.5665666,NORMAL,False
79,43,1,0.36540362,0,1,0.39556983,0.20886034,INCONCLUSIVE,True
80,25,0,0.48413336,0,1,0.5103007,0.020601392,LAMENESS_RISK,False
81,40,0,0.097275876,0,4,0.12757063,0.74485874,NORMAL,False
82,15,1,0.75469196,1,5,0.7671425,0.53428495,LAMENESS_RISK,False
83,79,0,0.18810664,0,4,0.23271118,0.5345776,NORMAL,False
84,3,1,0.8956932,1,3,0.8939057,0.7878114,LAMENESS_RISK,False
85,18,0,0.025038986,0,5,0.020539083,0.95892185,NORMAL,False
86,18,0,0.027195737,0,5,0.02242223,0.95515555,NORMAL,False
87,51,0,0.13582186,0,1,0.1597095,0.680581,NORMAL,False
88,82,0,0.21230619,0,1,0.24107467,0.51785064,INCONCLUSIVE,True
89,20,1,0.9392052,1,2,0.93926036,0.8785207,LAMENESS_RISK,False
90,69,0,0.8543408,1,3,0.85408777,0.70817554,LAMENESS_RISK,False
91,96,1,0.7062029,1,1,0.7184508,0.43690157,LAMENESS_RISK,False
92,51,0,0.1963193,0,1,0.22435287,0.55129427,NORMAL,False
93,73,1,0.9680891,1,2,0.9671725,0.934345,LAMENESS_RISK,False
94,93,1,0.12698375,0,1,0.1500573,0.69988537,NORMAL,False
95,86,1,0.95184296,1,2,0.9513792,0.90275836,LAMENESS_RISK,False
96,17,0,0.050715163,0,3,0.061658785,0.8766824,NORMAL,False
97,2,1,0.86377776,1,4,0.87662643,0.75325286,LAMENESS_RISK,False
98,4,1,0.8691273,1,5,0.8813538,0.7627076,LAMENESS_RISK,False
99,97,1,0.86880845,1,3,0.86795896,0.7359179,LAMENESS_RISK,False
100,72,1,0.35371944,0,3,0.37771675,0.2445665,INCONCLUSIVE,True
101,36,0,0.093260534,0,3,0.10942661,0.78114676,NORMAL,False
102,76,1,0.94395137,1,5,0.95205784,0.9041157,LAMENESS_RISK,False
103,6,0,0.091768764,0,1,0.11094912,0.77810174,NORMAL,False
104,19,0,0.07057002,0,4,0.09481037,0.81037927,NORMAL,False
105,16,1,0.8364735,1,3,0.8370275,0.674055,LAMENESS_RISK,False
106,48,1,0.06118534,0,5,0.053118173,0.89376366,NORMAL,False
107,35,0,0.06197054,0,3,0.07449667,0.8510066,NORMAL,False
108,61,0,0.027187362,0,5,0.022414898,0.9551702,NORMAL,False
109,46,1,0.82936513,1,4,0.8465067,0.6930134,LAMENESS_RISK,False
110,22,1,0.8435803,1,1,0.84635484,0.6927097,LAMENESS_RISK,False
111,77,0,0.21879008,0,5,0.20749903,0.58500195,NORMAL,False
112,94,0,0.016459929,0,2,0.022239469,0.95552105,NORMAL,False
113,78,0,0.55917645,1,4,0.6052166,0.21043324,LAMENESS_RISK,False
114,92,1,0.88691884,1,3,0.8854099,0.7708198,LAMENESS_RISK,False
115,41,1,0.6534219,1,1,0.66940445,0.3388089,LAMENESS_RISK,False
116,85,0,0.8165087,1,3,0.81804013,0.63608027,LAMENESS_RISK,False
117,7,0,0.048459776,0,5,0.041436765,0.9171265,NORMAL,False
118,91,1,0.8651168,1,1,0.8666152,0.73323035,LAMENESS_RISK,False
119,40,0,0.079472095,0,4,0.105847806,0.7883044,NORMAL,False
120,52,0,0.029873481,0,5,0.024773857,0.95045227,NORMAL,False
121,74,1,0.868535,1,1,0.8698411,0.7396822,LAMENESS_RISK,False
122,71,0,0.38315764,0,3,0.40653256,0.18693489,INCONCLUSIVE,True
123,81,1,0.98515815,1,2,0.9841874,0.96837485,LAMENESS_RISK,False
124,37,1,0.77741665,1,2,0.7888901,0.57778025,LAMENESS_RISK,False
125,42,0,0.005355708,0,2,0.0076407543,0.9847185,NORMAL,False
126,82,0,0.09393684,0,1,0.11339005,0.7732199,NORMAL,False
127,75,1,0.6949366,1,2,0.71300423,0.42600846,LAMENESS_RISK,False
128,96,1,0.9039581,1,1,0.9034868,0.8069736,LAMENESS_RISK,False
129,69,1,0.8762806,1,3,0.87514627,0.75029254,LAMENESS_RISK,False
130,88,0,0.043173287,0,3,0.052955206,0.8940896,NORMAL,False
131,54,1,0.62690735,1,3,0.63935167,0.27870333,LAMENESS_RISK,False
132,38,0,0.11195002,0,4,0.14515835,0.7096833,NORMAL,False
133,51,0,0.6017663,1,1,0.6212311,0.24246216,LAMENESS_RISK,False
134,69,1,0.81884015,1,3,0.82025385,0.6405077,LAMENESS_RISK,False
135,64,1,0.93794775,1,5,0.9465646,0.8931292,LAMENESS_RISK,False
136,39,0,0.9208908,1,5,0.93075603,0.86151206,LAMENESS_RISK,False
137,19,0,0.05230311,0,4,0.071738034,0.85652393,NORMAL,False
138,75,1,0.9477934,1,2,0.9474826,0.8949652,LAMENESS_RISK,False
139,89,0,0.554706,1,4,0.60108393,0.20216787,LAMENESS_RISK,False
140,84,1,0.25682724,0,5,0.24639164,0.5072167,INCONCLUSIVE,True
141,37,1,0.96325,1,2,0.96243733,0.92487466,LAMENESS_RISK,False
142,44,0,0.4881224,0,2,0.5195426,0.03908515,LAMENESS_RISK,False
143,28,0,0.23085387,0,5,0.21978682,0.56042635,NORMAL,False
144,63,1,0.8520061,1,3,0.8518544,0.70370877,LAMENESS_RISK,False
145,36,0,0.0745191,0,3,0.088626556,0.8227469,NORMAL,False
146,78,0,0.34100577,0,4,0.39477912,0.21044177,INCONCLUSIVE,True
147,72,0,0.89805895,1,3,0.8962015,0.792403,LAMENESS_RISK,False
148,7,0,0.07133276,0,5,0.062559836,0.8748803,NORMAL,False
149,40,0,0.35498238,0,4,0.40889022,0.18221956,INCONCLUSIVE,True
150,29,0,0.4132181,0,1,0.44219348,0.11561304,LAMENESS_RISK,False
151,85,1,0.9121803,1,3,0.9099559,0.81991184,LAMENESS_RISK,False
152,58,1,0.8945084,1,3,0.89275676,0.7855135,LAMENESS_RISK,False
153,83,1,0.7954987,1,1,0.80141795,0.6028359,LAMENESS_RISK,False
154,45,0,0.5225032,1,5,0.52496773,0.04993546,LAMENESS_RISK,False
155,68,1,0.8348215,1,4,0.8512809,0.70256186,LAMENESS_RISK,False
156,5,0,0.81259227,1,2,0.82124835,0.6424967,LAMENESS_RISK,False
157,77,0,0.044220086,0,5,0.037589833,0.9248203,NORMAL,False
158,74,1,0.863949,1,1,0.8655138,0.7310276,LAMENESS_RISK,False
159,52,0,0.039048757,0,5,0.032932013,0.934136,NORMAL,False
160,51,0,0.25061345,0,1,0.28062493,0.43875015,INCONCLUSIVE,True
161,79,1,0.7479305,1,4,0.77506155,0.5501231,LAMENESS_RISK,False
162,23,0,0.698192,1,1,0.7110131,0.42202616,LAMENESS_RISK,False
163,48,0,0.83320963,1,5,0.8461169,0.6922338,LAMENESS_RISK,False
164,53,0,0.11066718,0,4,0.14363141,0.7127372,NORMAL,False
165,30,0,0.09150703,0,3,0.10749438,0.78501123,NORMAL,False
166,19,0,0.0981991,0,4,0.12868522,0.7426295,NORMAL,False
167,22,1,0.79556626,1,1,0.8014808,0.60296166,LAMENESS_RISK,False
168,4,1,0.3448989,0,5,0.33780062,0.32439876,INCONCLUSIVE,True
169,39,1,0.6277671,1,5,0.6357673,0.27153456,LAMENESS_RISK,False
170,53,0,0.077249914,0,4,0.103104204,0.7937916,NORMAL,False
171,42,0,0.0076706246,0,2,0.010758729,0.97848254,NORMAL,False
172,18,0,0.03194943,0,5,0.026606647,0.9467867,NORMAL,False
173,89,0,0.51855683,1,4,0.5674301,0.13486016,LAMENESS_RISK,False
174,1,0,0.06547659,0,2,0.08198663,0.8360267,NORMAL,False
175,74,1,0.90295297,1,1,0.90252566,0.8050513,LAMENESS_RISK,False
176,41,0,0.13285874,0,1,0.15648009,0.68703985,NORMAL,False
177,32,0,0.62388724,1,1,0.6418893,0.28377855,LAMENESS_RISK,False
178,76,1,0.9309691,1,5,0.9401309,0.8802618,LAMENESS_RISK,False
179,37,0,0.86710423,1,2,0.8715992,0.7431984,LAMENESS_RISK,False
180,73,1,0.94735837,1,2,0.94706476,0.8941295,LAMENESS_RISK,False
181,6,0,0.0719243,0,1,0.088371344,0.8232573,NORMAL,False
182,79,1,0.81759983,1,4,0.8362107,0.67242146,LAMENESS_RISK,False
183,80,1,0.9688144,1,2,0.9678849,0.9357698,LAMENESS_RISK,False
184,68,0,0.42437375,0,4,0.47753426,0.04493147,LAMENESS_RISK,False
185,71,0,0.15195876,0,3,0.17276321,0.65447354,NORMAL,False
186,51,0,0.11188642,0,1,0.13342516,0.73314965,NORMAL,False
187,17,0,0.08016301,0,3,0.09492615,0.8101477,NORMAL,False
188,85,0,0.6351174,1,3,0.6470837,0.2941674,LAMENESS_RISK,False
189,22,1,0.4918942,0,1,0.5176893,0.035378575,LAMENESS_RISK,False
190,44,0,0.048596345,0,2,0.061946042,0.87610793,NORMAL,False
191,87,0,0.019755384,0,5,0.015971947,0.9680561,NORMAL,False
192,38,0,0.06655362,0,4,0.089788504,0.820423,NORMAL,False
193,56,1,0.6616194,1,1,0.67703044,0.3540609,LAMENESS_RISK,False
194,5,0,0.083620764,0,2,0.10309621,0.79380757,NORMAL,False
195,94,0,0.094041765,0,2,0.11504887,0.7699022,NORMAL,False
196,67,0,0.060868036,0,4,0.08263196,0.8347361,NORMAL,False
197,35,0,0.12437085,0,3,0.14329511,0.7134098,NORMAL,False
198,93,0,0.108033136,0,1,0.12914915,0.7417017,NORMAL,False
199,82,0,0.07361166,0,1,0.090308785,0.8193824,NORMAL,False
200,21,0,0.02922634,0,2,0.03832791,0.9233442,NORMAL,False
201,66,1,0.18542193,0,1,0.21287474,0.5742505,NORMAL,False
202,46,0,0.14350839,0,4,0.18213753,0.6357249,NORMAL,False
203,77,1,0.70315695,1,5,0.7142295,0.42845905,LAMENESS_RISK,False
204,27,0,0.12792282,0,4,0.16401069,0.6719786,NORMAL,False
205,95,0,0.15184997,0,5,0.14029379,0.71941245,NORMAL,False
206,42,0,0.008722708,0,2,0.01215922,0.97568154,NORMAL,False
207,3,1,0.74799776,1,3,0.7532886,0.50657725,LAMENESS_RISK,False
208,79,1,0.8714982,1,4,0.88339174,0.7667835,LAMENESS_RISK,False
209,64,0,0.48643577,0,5,0.48686093,0.026278138,LAMENESS_RISK,False
210,20,1,0.8964769,1,2,0.89894664,0.7978933,LAMENESS_RISK,False
211,87,0,0.018311415,0,5,0.0147365555,0.9705269,NORMAL,False
212,12,0,0.14960015,0,5,0.13806875,0.7238625,NORMAL,False
213,44,1,0.78117007,1,2,0.79234093,0.58468187,LAMENESS_RISK,False
214,92,0,0.074269354,0,3,0.08834704,0.8233059,NORMAL,False
215,50,0,0.08246145,0,1,0.100414746,0.7991705,NORMAL,False
216,36,1,0.47494307,0,3,0.49520433,0.009591341,LAMENESS_RISK,False
217,76,1,0.92673177,1,5,0.93620086,0.8724017,LAMENESS_RISK,False
218,56,1,0.892542,1,1,0.8925952,0.78519034,LAMENESS_RISK,False
219,73,1,0.967535,1,2,0.9666288,0.9332576,LAMENESS_RISK,False
220,88,0,0.037939966,0,3,0.046860754,0.9062785,NORMAL,False
221,72,1,0.10861034,0,3,0.1262306,0.7475388,NORMAL,False
222,52,0,0.037302617,0,5,0.031368457,0.9372631,NORMAL,False
223,38,0,0.115779534,0,4,0.14970493,0.70059013,NORMAL,False
224,59,1,0.89201707,1,2,0.8947798,0.7895596,LAMENESS_RISK,False
225,67,0,0.0582547,0,4,0.079322904,0.8413542,NORMAL,False
226,41,1,0.18596539,0,1,0.21344876,0.5731025,NORMAL,False
227,78,0,0.07729884,0,4,0.10316469,0.79367065,NORMAL,False
228,43,1,0.5988567,1,1,0.6185102,0.23702037,LAMENESS_RISK,False
229,51,0,0.12340889,0,1,0.14613588,0.70772827,NORMAL,False
230,34,0,0.17683916,0,4,0.22010283,0.5597943,NORMAL,False
231,11,0,0.1259007,0,1,0.14887032,0.70225936,NORMAL,False
232,74,1,0.913278,1,1,0.9124202,0.8248404,LAMENESS_RISK,False
233,37,1,0.933115,1,2,0.9334596,0.86691916,LAMENESS_RISK,False
234,39,0,0.5425027,1,5,0.5460826,0.09216523,LAMENESS_RISK,False
235,89,0,0.78085005,1,4,0.8040087,0.60801744,LAMENESS_RISK,False
236,44,0,0.100556806,0,2,0.12246427,0.75507146,NORMAL,False
237,18,0,0.04394747,0,5,0.037343316,0.92531335,NORMAL,False
238,54,1,0.458471,0,3,0.479405,0.04119003,LAMENESS_RISK,False
239,1,0,0.120329574,0,2,0.14472401,0.710552,NORMAL,False
240,72,0,0.17123497,0,3,0.19308552,0.61382896,NORMAL,False
241,29,0,0.41611233,0,1,0.44499603,0.11000794,LAMENESS_RISK,False
242,76,1,0.9539143,1,5,0.9610793,0.9221586,LAMENESS_RISK,False
243,85,1,0.8357097,1,3,0.8362997,0.67259943,LAMENESS_RISK,False
244,75,1,0.90970314,1,2,0.9113421,0.82268417,LAMENESS_RISK,False
245,80,1,0.9778039,1,2,0.9767839,0.95356774,LAMENESS_RISK,False
246,50,0,0.11402082,0,1,0.13578811,0.7284238,NORMAL,False
247,88,0,0.057565864,0,3,0.069492646,0.8610147,NORMAL,False
248,36,1,0.5162142,1,3,0.53460944,0.069218874,LAMENESS_RISK,False
249,17,1,0.8100045,1,3,0.81186885,0.6237377,LAMENESS_RISK,False
250,15,1,0.89959806,1,5,0.9106653,0.82133055,LAMENESS_RISK,False
251,38,0,0.70275015,1,4,0.73509145,0.4701829,LAMENESS_RISK,False
252,18,0,0.03600367,0,5,0.03020852,0.93958294,NORMAL,False
253,45,1,0.4490004,0,5,0.44731325,0.1053735,LAMENESS_RISK,False
254,86,1,0.9661026,1,2,0.96522504,0.9304501,LAMENESS_RISK,False
255,97,0,0.12568365,0,3,0.14470856,0.71058285,NORMAL,False
256,10,1,0.9674796,1,2,0.96657443,0.93314886,LAMENESS_RISK,False
257,83,1,0.8697971,1,1,0.87103295,0.7420659,LAMENESS_RISK,False
258,85,1,0.5350992,1,3,0.5525646,0.10512924,LAMENESS_RISK,False
259,62,1,0.8027695,1,4,0.8232257,0.64645135,LAMENESS_RISK,False
260,60,0,0.092504546,0,1,0.111778036,0.77644396,NORMAL,False
261,74,1,0.8838087,1,1,0.8842962,0.76859236,LAMENESS_RISK,False
262,14,0,0.29161286,0,3,0.31617337,0.36765325,INCONCLUSIVE,True
263,76,1,0.91648656,1,5,0.92663056,0.8532611,LAMENESS_RISK,False
264,31,0,0.25509065,0,2,0.28904316,0.42191368,INCONCLUSIVE,True
265,18,0,0.024973614,0,5,0.020482164,0.9590357,NORMAL,False
266,88,0,0.042898767,0,3,0.052636694,0.89472663,NORMAL,False
267,98,1,0.06248826,0,5,0.054324575,0.89135087,NORMAL,False
268,21,0,0.19376293,0,2,0.22473696,0.5505261,NORMAL,False
269,44,0,0.040934302,0,2,0.05269507,0.89460987,NORMAL,False
270,49,0,0.16616672,0,2,0.19510396,0.6097921,NORMAL,False
271,47,1,0.65687716,1,3,0.6675634,0.33512676,LAMENESS_RISK,False
272,33,1,0.610358,1,5,0.6175174,0.23503482,LAMENESS_RISK,False
