sample_id,animal_id,actual,predicted,probability,fold,is_error
1,87,0,0,0.3767186623526741,4,False
2,78,0,1,0.6032064330249466,3,True
3,1,0,0,0.23118643233564534,1,False
4,45,1,1,0.5236453403787289,4,False
5,65,0,1,0.5527785311184495,1,True
6,49,1,1,0.7083255020440256,1,False
7,90,1,1,0.5297507267616123,3,False
8,28,0,1,0.5968877068469752,4,True
9,2,1,1,0.8938810302934301,3,False
10,72,0,0,0.47056682618821627,2,False
11,47,1,0,0.32336934539652545,2,True
12,73,1,1,0.6102122092925271,1,False
13,92,0,0,0.32666244871460604,2,False
14,39,1,0,0.302422738900452,4,True
15,75,1,0,0.37773152155862055,1,True
16,84,1,1,0.612032452552199,4,False
17,8,0,0,0.4443257676935221,3,False
18,9,1,1,0.8679262863373199,3,False
19,82,0,0,0.2060760631025531,0,False
20,20,1,1,0.5738517777407083,1,False
21,70,0,0,0.3023494287480423,2,False
22,34,1,0,0.2120692591941251,3,True
23,44,0,0,0.3653448187965194,1,False
24,89,0,0,0.4843848003996542,3,False
25,81,1,0,0.4757638317143909,1,True
26,86,1,1,0.5063889314539949,1,False
27,85,1,1,0.5992112447548456,2,False
28,55,0,0,0.37677038963223863,1,False
29,35,0,0,0.42802094021946374,2,False
30,57,1,0,0.2097955834810594,3,True
31,38,1,1,0.5294354525991847,3,False
32,19,0,0,0.49928088048952035,3,False
33,46,1,1,0.8921443795900622,3,False
34,91,1,1,0.5823276495716541,0,False
35,83,1,0,0.09364424334436951,0,True
36,77,0,0,0.4593435851284566,4,False
37,90,0,0,0.4985927054367549,3,False
38,43,1,0,0.24033260623295882,0,True
39,40,0,1,0.5341685613631139,3,True
40,8,0,1,0.6445438272788573,3,True
41,26,1,0,0.3826818692848638,4,True
42,23,0,1,0.6009524590099546,0,True
43,9,1,1,0.5789301090073834,3,False
44,15,1,0,0.46476207040618467,4,True
45,49,1,0,0.442365677077488,1,True
46,70,1,0,0.4465062279576575,2,True
47,51,0,1,0.6153865609328446,0,True
48,67,0,0,0.27029115861720754,3,False
49,87,0,1,0.7620529157585045,4,True
50,51,0,1,0.6543195954331636,0,True
51,28,0,0,0.2729724242180735,4,False
52,8,0,1,0.5791525646811752,3,True
53,78,0,1,0.6356341960063456,3,True
54,16,1,0,0.18813035705976847,2,True
55,15,1,0,0.3657264231730808,4,True
56,47,1,1,0.5720724192095311,2,False
57,69,1,1,0.5160228826591552,2,False
58,50,0,1,0.7467977041107742,0,True
59,97,1,1,0.6746894345425071,2,False
60,44,0,1,0.7533308523227176,1,True
61,24,1,0,0.43921196476746516,1,True
62,55,0,0,0.31974329807676827,1,False
63,84,1,1,0.5793838539231886,4,False
64,88,0,0,0.10138416665921143,2,False
65,41,1,0,0.09529006466792261,0,True
66,90,1,0,0.4930517171496271,3,True
67,34,1,0,0.2848954978974353,3,True
68,22,1,0,0.4338231015651541,0,True
69,1,0,0,0.3297841118273781,1,False
70,75,1,0,0.47624200082647206,1,True
71,23,1,1,0.7470620458790244,0,False
72,70,1,1,0.5499486039797784,2,False
73,13,1,1,0.880052220529398,3,False
74,81,1,0,0.4360657406282236,1,True
75,38,1,0,0.195341904591654,3,True
76,4,1,0,0.2861318696018546,4,True
77,86,1,1,0.6222117046649672,1,False
78,93,0,0,0.16616129770205063,0,False
79,43,1,1,0.6339482415975752,0,False
80,25,0,0,0.14605294838537974,0,False
81,40,0,1,0.6653914200842879,3,True
82,15,1,1,0.5934606373358404,4,False
83,79,0,0,0.26020270485030084,3,False
84,3,1,1,0.5970197542474349,2,False
85,18,0,0,0.3160177493483404,4,False
86,18,0,0,0.27685585131351287,4,False
87,51,0,1,0.5989459071879508,0,True
88,82,0,0,0.41196666526237913,0,False
89,20,1,1,0.551676202651308,1,False
90,69,0,0,0.2644529492273485,2,False
91,96,1,0,0.22310279577074865,0,True
92,51,0,1,0.7044744376637104,0,True
93,73,1,1,0.5717386196642277,1,False
94,93,1,0,0.11587020761921327,0,True
95,86,1,0,0.3594734537404618,1,True
96,17,0,1,0.6044713422524495,2,True
97,2,1,1,0.6156645380217032,3,False
98,4,1,0,0.44227869886234217,4,True
99,97,1,1,0.7205483876175788,2,False
100,72,1,0,0.3631057502062888,2,True
101,36,0,0,0.22720787519351432,2,False
102,76,1,1,0.9329485966864265,4,False
103,6,0,0,0.2995732498770045,0,False
104,19,0,1,0.6390420687901432,3,True
105,16,1,1,0.6129482260862991,2,False
106,48,1,0,0.12657628151447065,4,True
107,35,0,0,0.21895069675123258,2,False
108,61,0,0,0.14340532068171297,4,False
109,46,1,1,0.7720092498811669,3,False
110,22,1,0,0.2972995801648596,0,True
111,77,0,0,0.41982830447807934,4,False
112,94,0,0,0.21474889371950098,1,False
113,78,0,0,0.3645683817244583,3,False
114,92,1,1,0.6128061670471605,2,False
115,41,1,0,0.2784650880014882,0,True
116,85,0,1,0.7101694732743282,2,True
117,7,0,0,0.3519514521935499,4,False
118,91,1,1,0.5614761738410764,0,False
119,40,0,1,0.635494329266146,3,True
120,52,0,0,0.17409322704766375,4,False
121,74,1,1,0.6106779392920775,0,False
122,71,0,0,0.3735884695602796,2,False
123,81,1,1,0.8244651727959612,1,False
124,37,1,0,0.46655869900152774,1,True
125,42,0,0,0.3399545232979797,1,False
126,82,0,0,0.302412065257577,0,False
127,75,1,1,0.6438797727362007,1,False
128,96,1,1,0.7424313983898986,0,False
129,69,1,0,0.32811145781708134,2,True
130,88,0,0,0.2733873823512297,2,False
131,54,1,0,0.4202917314027691,2,True
132,38,0,1,0.614131143481857,3,True
133,51,0,1,0.8930062976851094,0,True
134,69,1,0,0.4281706097821468,2,True
135,64,1,1,0.8232755504018179,4,False
136,39,0,1,0.9044189392851452,4,True
137,19,0,1,0.6029208176486133,3,True
138,75,1,1,0.5020121192311697,1,False
139,89,0,0,0.2362103455160373,3,False
140,84,1,0,0.4239668708182187,4,True
141,37,1,1,0.810414527820545,1,False
142,44,0,0,0.41552049861531193,1,False
143,28,0,1,0.9328348615305084,4,True
144,63,1,1,0.628061606054059,2,False
145,36,0,0,0.20594473622187146,2,False
146,78,0,1,0.7274428226728624,3,True
147,72,0,1,0.5780115178952768,2,True
148,7,0,0,0.1945508559511432,4,False
149,40,0,1,0.8284232717125792,3,True
150,29,0,0,0.34349441316571655,0,False
151,85,1,1,0.7835817043792601,2,False
152,58,1,1,0.6987267490861714,2,False
153,83,1,0,0.07644844798771137,0,True
154,45,0,0,0.2599300037493387,4,False
155,68,1,1,0.6604683439962049,3,False
156,5,0,1,0.5343937025699207,1,True
157,77,0,0,0.43562003327351506,4,False
158,74,1,1,0.5924673193287524,0,False
159,52,0,0,0.2479614624615821,4,False
160,51,0,1,0.6964751716285521,0,True
161,79,1,1,0.6172909368692423,3,False
162,23,0,1,0.6845750225308445,0,True
163,48,0,0,0.1316005674981967,4,False
164,53,0,0,0.13664097283617463,3,False
165,30,0,0,0.22594333820411439,2,False
166,19,0,1,0.7451610603523264,3,True
167,22,1,1,0.5124150372627297,0,False
168,4,1,1,0.5037572035881636,4,False
169,39,1,1,0.606887601673432,4,False
170,53,0,0,0.1442814084994191,3,False
171,42,0,0,0.35389004443588357,1,False
172,18,0,0,0.33792451789832667,4,False
173,89,0,0,0.35764823274792784,3,False
174,1,0,0,0.29478756829532426,1,False
175,74,1,1,0.7241046095863268,0,False
176,41,0,1,0.5449506808309764,0,True
177,32,0,1,0.8864030849649157,0,True
178,76,1,1,0.7882373275915364,4,False
179,37,0,0,0.33579592669065295,1,False
180,73,1,0,0.45224669754539887,1,True
181,6,0,0,0.23488452151097103,0,False
182,79,1,0,0.32202074300144445,3,True
183,80,1,1,0.8402985061292945,1,False
184,68,0,1,0.6277414736338126,3,True
185,71,0,0,0.2982645143329517,2,False
186,51,0,1,0.5576008141421479,0,True
187,17,0,1,0.631074642299452,2,True
188,85,0,0,0.3803930415745105,2,False
189,22,1,0,0.12637639571644413,0,True
190,44,0,0,0.3851529614106867,1,False
191,87,0,0,0.28194588965923667,4,False
192,38,0,1,0.553311751115006,3,True
193,56,1,0,0.24809915014570183,0,True
194,5,0,0,0.3839645313877593,1,False
195,94,0,0,0.17675851958778271,1,False
196,67,0,0,0.17676827766292427,3,False
197,35,0,1,0.524686308896024,2,True
198,93,0,0,0.09142584594698258,0,False
199,82,0,0,0.16954791383458445,0,False
200,21,0,0,0.2875864736771013,1,False
201,66,1,0,0.20497910930056645,0,True
202,46,0,1,0.8670144297584251,3,True
203,77,1,1,0.6426928498463055,4,False
204,27,0,0,0.37061001994739684,3,False
205,95,0,0,0.2061766958294007,4,False
206,42,0,0,0.47959974296704594,1,False
207,3,1,1,0.8659909219484507,2,False
208,79,1,1,0.817933192879539,3,False
209,64,0,0,0.32113229361546664,4,False
210,20,1,1,0.5980097695114758,1,False
211,87,0,0,0.4158430915195659,4,False
212,12,0,1,0.6245202855357629,4,True
213,44,1,1,0.6222253191511082,1,False
214,92,0,0,0.4883992517802033,2,False
215,50,0,1,0.687524482662097,0,True
216,36,1,0,0.31994236420009203,2,True
217,76,1,1,0.9465260622256565,4,False
218,56,1,0,0.38728254779349974,0,True
219,73,1,1,0.5766790568384272,1,False
220,88,0,0,0.2963149036817793,2,False
221,72,1,1,0.7495189500783208,2,False
222,52,0,0,0.24214012654601308,4,False
223,38,0,1,0.7700408786555861,3,True
224,59,1,1,0.7012193584407532,1,False
225,67,0,0,0.12864213364950947,3,False
226,41,1,0,0.21446784130737243,0,True
227,78,0,0,0.25453480598798395,3,False
228,43,1,1,0.7524811780513916,0,False
229,51,0,1,0.6271158465441696,0,True
230,34,0,1,0.5595384339405606,3,True
231,11,0,1,0.6095812862388784,0,True
232,74,1,1,0.5903399070389403,0,False
233,37,1,1,0.6380372178235161,1,False
234,39,0,1,0.7955725739938404,4,True
235,89,0,0,0.23959867203065321,3,False
236,44,0,1,0.6535613773082667,1,True
237,18,0,1,0.5462129090350148,4,True
238,54,1,1,0.5693814384373905,2,False
239,1,0,0,0.30209178377949103,1,False
240,72,0,1,0.8239648445126203,2,True
241,29,0,0,0.41405569327286434,0,False
242,76,1,1,0.8495147446189535,4,False
243,85,1,1,0.5949593387717811,2,False
244,75,1,1,0.7270387349507835,1,False
245,80,1,1,0.8780389668289016,1,False
246,50,0,1,0.5995765075324792,0,True
247,88,0,0,0.33032767270192465,2,False
248,36,1,0,0.348970828466497,2,True
249,17,1,0,0.45707932677767915,2,True
250,15,1,1,0.5570948567326398,4,False
251,38,0,0,0.1935663982088737,3,False
252,18,0,0,0.33950592986213324,4,False
253,45,1,0,0.3266461494062645,4,True
254,86,1,1,0.6833669510236696,1,False
255,97,0,1,0.695132538505955,2,True
256,10,1,1,0.5937894581540365,1,False
257,83,1,0,0.347892612918564,0,True
258,85,1,1,0.5200958171810603,2,False
259,62,1,0,0.4663581496144041,3,True
260,60,0,0,0.2756766111366487,0,False
261,74,1,1,0.6223445016642216,0,False
262,14,0,1,0.5042383761195431,2,True
263,76,1,1,0.9205325263497677,4,False
264,31,0,0,0.3751918848516072,1,False
265,18,0,0,0.33088765256040004,4,False
266,88,0,0,0.2948611835605092,2,False
267,98,1,0,0.2588696295318146,4,True
268,21,0,0,0.3626500207984998,1,False
269,44,0,0,0.25350770234685654,1,False
270,49,0,0,0.4943320454555593,1,False
271,47,1,0,0.4920099260360459,2,True
272,33,1,1,0.7004427495728838,4,False
