feature_index,feature_name,mean_abs_shap,mean_signed_shap
54,velocity_RHAnkle_X,1.978707e-05,-6.7567095e-07
53,velocity_RHHoof_Y,1.638112e-05,-7.0313166e-07
70,biomech_left_hoof_stride_sep,1.3115186e-05,-1.6793703e-06
42,velocity_RFAnkle_X,1.3089257e-05,-2.7835048e-07
31,norm_coord_Spine2_Y,1.301973e-05,-1.3612573e-06
1,norm_coord_LFHoof_Y,1.2019974e-05,1.342723e-06
14,norm_coord_LHAnkle_X,1.1616336e-05,-1.7169572e-06
5,norm_coord_LFKnee_Y,1.1209995e-05,-1.264701e-06
6,norm_coord_RFHoof_X,1.0889763e-05,1.207681e-07
15,norm_coord_LHAnkle_Y,1.0864903e-05,-3.8269684e-07
39,velocity_LFKnee_Y,1.0753319e-05,-1.6993835e-07
45,velocity_RFKnee_Y,1.0463922e-05,2.2576457e-07
44,velocity_RFKnee_X,1.0293014e-05,-3.7327433e-07
21,norm_coord_RHAnkle_Y,9.922524e-06,7.193693e-07
32,norm_coord_Spine3_X,9.801387e-06,2.3990494e-06
59,velocity_Nose_Y,9.348157e-06,-4.0036372e-07
68,biomech_back_arch_elevation,9.265548e-06,-5.677322e-07
16,norm_coord_LHKnee_X,8.453686e-06,8.343348e-07
24,norm_coord_Nose_X,8.430295e-06,4.1850526e-06
47,velocity_LHHoof_Y,8.418935e-06,-1.3082084e-07
29,norm_coord_Spine1_Y,8.205245e-06,-4.502819e-07
8,norm_coord_RFAnkle_X,8.185852e-06,1.596357e-07
11,norm_coord_RFKnee_Y,8.169509e-06,-1.4702546e-08
20,norm_coord_RHAnkle_X,7.817183e-06,-6.52555e-07
13,norm_coord_LHHoof_Y,7.5662374e-06,2.0057855e-06
49,velocity_LHAnkle_Y,7.3672145e-06,6.6029536e-08
55,velocity_RHAnkle_Y,7.364107e-06,1.705959e-07
12,norm_coord_LHHoof_X,7.2991606e-06,1.1336217e-06
19,norm_coord_RHHoof_Y,7.176185e-06,-2.6030077e-06
72,biomech_front_hoof_stance_width,6.9266684e-06,-7.00338e-07
74,biomech_left_knee_elevation,6.887416e-06,2.8616241e-06
35,velocity_LFHoof_Y,6.7655637e-06,1.982372e-07
50,velocity_LHKnee_X,6.618758e-06,3.2753196e-08
30,norm_coord_Spine2_X,6.6126313e-06,-2.9633063e-06
33,norm_coord_Spine3_Y,6.322323e-06,-1.0434453e-06
46,velocity_LHHoof_X,5.80726e-06,-2.601722e-07
22,norm_coord_RHKnee_X,5.7067987e-06,5.93107e-07
17,norm_coord_LHKnee_Y,5.687559e-06,-8.225175e-07
27,norm_coord_HeadTop_Y,5.546662e-06,1.3735804e-06
25,norm_coord_Nose_Y,5.465151e-06,-1.0300354e-06
52,velocity_RHHoof_X,5.441575e-06,1.6148105e-07
51,velocity_LHKnee_Y,5.4006046e-06,5.1010268e-08
71,biomech_right_hoof_stride_sep,5.3946037e-06,-4.5296787e-07
26,norm_coord_HeadTop_X,5.338478e-06,-1.0703981e-06
7,norm_coord_RFHoof_Y,5.322981e-06,-3.0582398e-06
3,norm_coord_LFAnkle_Y,5.20823e-06,2.0191112e-06
43,velocity_RFAnkle_Y,5.1941e-06,4.4402594e-07
23,norm_coord_RHKnee_Y,5.1308657e-06,1.180614e-06
48,velocity_LHAnkle_X,4.969869e-06,-2.0569976e-07
37,velocity_LFAnkle_Y,4.918755e-06,-1.3753298e-07
61,velocity_HeadTop_Y,4.9095192e-06,-6.440314e-07
75,biomech_right_knee_elevation,4.9059495e-06,-2.0193866e-06
66,velocity_Spine3_X,4.7775825e-06,-4.0251317e-07
69,biomech_head_vertical_elevation,4.7296835e-06,-4.0961606e-08
9,norm_coord_RFAnkle_Y,4.710698e-06,2.311536e-06
18,norm_coord_RHHoof_X,4.5694323e-06,-1.1223374e-07
73,biomech_hind_hoof_stance_width,4.53232e-06,1.5101664e-07
40,velocity_RFHoof_X,4.529235e-06,-4.569363e-07
2,norm_coord_LFAnkle_X,4.427212e-06,2.225391e-07
38,velocity_LFKnee_X,4.3385353e-06,6.630252e-08
34,velocity_LFHoof_X,4.2920246e-06,1.6046992e-07
4,norm_coord_LFKnee_X,4.2890088e-06,-5.595953e-09
0,norm_coord_LFHoof_X,4.232039e-06,3.221409e-07
41,velocity_RFHoof_Y,4.2266042e-06,-3.5071614e-07
10,norm_coord_RFKnee_X,4.029954e-06,2.8555039e-07
62,velocity_Spine1_X,3.9676206e-06,-7.5917154e-07
36,velocity_LFAnkle_X,3.8686685e-06,-6.637853e-08
63,velocity_Spine1_Y,3.868243e-06,-1.850701e-07
64,velocity_Spine2_X,3.8074284e-06,2.563456e-07
65,velocity_Spine2_Y,3.6411475e-06,-2.2604873e-07
28,norm_coord_Spine1_X,3.5397477e-06,1.0866214e-06
56,velocity_RHKnee_X,3.1718457e-06,2.2599984e-07
57,velocity_RHKnee_Y,3.1090945e-06,-3.1306664e-07
58,velocity_Nose_X,2.9643754e-06,4.212424e-08
60,velocity_HeadTop_X,2.297435e-06,-2.5501186e-07
67,velocity_Spine3_Y,1.9422482e-06,1.1371341e-08
