model,fold,train_samples,val_samples,train_cows,val_cows,accuracy,precision,recall,f1,roc_auc,tn,fp,fn,tp
Logistic Regression,0,217,55,78,20,0.5454545454545454,0.5384615384615384,0.5185185185185185,0.5283018867924528,0.5767195767195766,16,12,13,14
Logistic Regression,1,217,55,78,20,0.7818181818181819,0.8461538461538461,0.7333333333333333,0.7857142857142857,0.8733333333333333,21,4,8,22
Logistic Regression,2,218,54,79,19,0.6666666666666666,0.7083333333333334,0.6071428571428571,0.6538461538461539,0.7472527472527473,19,7,11,17
Logistic Regression,3,218,54,79,19,0.5925925925925926,0.44,0.5789473684210527,0.5,0.637593984962406,21,14,8,11
Logistic Regression,4,218,54,78,20,0.7222222222222222,0.7083333333333334,0.68,0.6938775510204082,0.8013793103448276,22,7,8,17
Random Forest,0,217,55,78,20,0.43636363636363634,0.42857142857142855,0.4444444444444444,0.43636363636363634,0.40079365079365076,12,16,15,12
Random Forest,1,217,55,78,20,0.7636363636363637,0.84,0.7,0.7636363636363637,0.868,21,4,9,21
Random Forest,2,218,54,79,19,0.6481481481481481,0.68,0.6071428571428571,0.6415094339622641,0.7101648351648352,18,8,11,17
Random Forest,3,218,54,79,19,0.5370370370370371,0.4,0.631578947368421,0.4897959183673469,0.6030075187969925,17,18,7,12
Random Forest,4,218,54,78,20,0.6851851851851852,0.6818181818181818,0.6,0.6382978723404256,0.713103448275862,22,7,10,15
XGBoost,0,217,55,78,20,0.38181818181818183,0.34782608695652173,0.2962962962962963,0.32,0.3544973544973545,13,15,19,8
XGBoost,1,217,55,78,20,0.7818181818181819,0.9090909090909091,0.6666666666666666,0.7692307692307693,0.8746666666666667,23,2,10,20
XGBoost,2,218,54,79,19,0.6296296296296297,0.6428571428571429,0.6428571428571429,0.6428571428571429,0.6923076923076923,16,10,10,18
XGBoost,3,218,54,79,19,0.48148148148148145,0.3548387096774194,0.5789473684210527,0.44,0.5954887218045113,15,20,8,11
XGBoost,4,218,54,78,20,0.6851851851851852,0.6818181818181818,0.6,0.6382978723404256,0.7103448275862069,22,7,10,15
Support Vector Machine,0,217,55,78,20,0.4727272727272727,0.4666666666666667,0.5185185185185185,0.49122807017543857,0.48544973544973546,12,16,13,14
Support Vector Machine,1,217,55,78,20,0.7272727272727273,0.8,0.6666666666666666,0.7272727272727273,0.7586666666666666,20,5,10,20
Support Vector Machine,2,218,54,79,19,0.6666666666666666,0.7083333333333334,0.6071428571428571,0.6538461538461539,0.7060439560439561,19,7,11,17
Support Vector Machine,3,218,54,79,19,0.5370370370370371,0.40625,0.6842105263157895,0.5098039215686274,0.6421052631578947,16,19,6,13
Support Vector Machine,4,218,54,78,20,0.6481481481481481,0.6153846153846154,0.64,0.6274509803921569,0.703448275862069,19,10,9,16
