threshold,accuracy,precision,recall,f1_score,specificity,fpr,fnr,tp,tn,fp,fn
0.1,0.6544117647058824,0.5806451612903226,0.9767441860465116,0.7283236994219653,0.36363636363636365,0.6363636363636364,0.023255813953488372,126,52,91,3
0.12000000000000001,0.7022058823529411,0.6176470588235294,0.9767441860465116,0.7567567567567568,0.45454545454545453,0.5454545454545454,0.023255813953488372,126,65,78,3
0.14,0.7316176470588235,0.6443298969072165,0.9689922480620154,0.7739938080495357,0.5174825174825175,0.4825174825174825,0.031007751937984496,125,74,69,4
0.16000000000000003,0.7610294117647058,0.6777777777777778,0.9457364341085271,0.7896440129449838,0.5944055944055944,0.40559440559440557,0.05426356589147287,122,85,58,7
0.18000000000000002,0.7720588235294118,0.6914285714285714,0.937984496124031,0.7960526315789473,0.6223776223776224,0.3776223776223776,0.06201550387596899,121,89,54,8
0.2,0.7830882352941176,0.7034883720930233,0.937984496124031,0.8039867109634552,0.6433566433566433,0.35664335664335667,0.06201550387596899,121,92,51,8
0.22000000000000003,0.7794117647058824,0.7090909090909091,0.9069767441860465,0.7959183673469388,0.6643356643356644,0.3356643356643357,0.09302325581395349,117,95,48,12
0.24000000000000002,0.8014705882352942,0.7358490566037735,0.9069767441860465,0.8125,0.7062937062937062,0.2937062937062937,0.09302325581395349,117,101,42,12
0.26,0.8051470588235294,0.7435897435897436,0.8992248062015504,0.8140350877192982,0.7202797202797203,0.27972027972027974,0.10077519379844961,116,103,40,13
0.28,0.8051470588235294,0.7435897435897436,0.8992248062015504,0.8140350877192982,0.7202797202797203,0.27972027972027974,0.10077519379844961,116,103,40,13
0.30000000000000004,0.8125,0.7532467532467533,0.8992248062015504,0.8197879858657244,0.7342657342657343,0.26573426573426573,0.10077519379844961,116,105,38,13
0.32000000000000006,0.8125,0.756578947368421,0.8914728682170543,0.8185053380782918,0.7412587412587412,0.25874125874125875,0.10852713178294573,115,106,37,14
0.3400000000000001,0.8198529411764706,0.7702702702702703,0.8837209302325582,0.8231046931407943,0.7622377622377622,0.23776223776223776,0.11627906976744186,114,109,34,15
0.3600000000000001,0.8161764705882353,0.7687074829931972,0.875968992248062,0.8188405797101449,0.7622377622377622,0.23776223776223776,0.12403100775193798,113,109,34,16
0.38,0.8125,0.7671232876712328,0.8682170542635659,0.8145454545454546,0.7622377622377622,0.23776223776223776,0.13178294573643412,112,109,34,17
0.4,0.8161764705882353,0.7762237762237763,0.8604651162790697,0.8161764705882353,0.7762237762237763,0.22377622377622378,0.13953488372093023,111,111,32,18
0.42000000000000004,0.8198529411764706,0.7857142857142857,0.8527131782945736,0.8178438661710037,0.7902097902097902,0.2097902097902098,0.14728682170542637,110,113,30,19
0.44000000000000006,0.8198529411764706,0.7898550724637681,0.8449612403100775,0.8164794007490637,0.7972027972027972,0.20279720279720279,0.15503875968992248,109,114,29,20
0.4600000000000001,0.8235294117647058,0.8,0.8372093023255814,0.8181818181818182,0.8111888111888111,0.1888111888111888,0.16279069767441862,108,116,27,21
0.4800000000000001,0.8198529411764706,0.803030303030303,0.8217054263565892,0.8122605363984674,0.8181818181818182,0.18181818181818182,0.17829457364341086,106,117,26,23
0.5000000000000001,0.8198529411764706,0.8076923076923077,0.813953488372093,0.8108108108108109,0.8251748251748252,0.17482517482517482,0.18604651162790697,105,118,25,24
0.5200000000000001,0.8235294117647058,0.8188976377952756,0.8062015503875969,0.8125,0.8391608391608392,0.16083916083916083,0.1937984496124031,104,120,23,25
0.54,0.8198529411764706,0.8225806451612904,0.7906976744186046,0.8063241106719368,0.8461538461538461,0.15384615384615385,0.20930232558139536,102,121,22,27
0.56,0.8161764705882353,0.8264462809917356,0.7751937984496124,0.8,0.8531468531468531,0.14685314685314685,0.2248062015503876,100,122,21,29
0.5800000000000001,0.8198529411764706,0.8333333333333334,0.7751937984496124,0.8032128514056225,0.8601398601398601,0.13986013986013987,0.2248062015503876,100,123,20,29
0.6000000000000001,0.8198529411764706,0.8333333333333334,0.7751937984496124,0.8032128514056225,0.8601398601398601,0.13986013986013987,0.2248062015503876,100,123,20,29
0.6200000000000001,0.8198529411764706,0.8448275862068966,0.7596899224806202,0.8,0.8741258741258742,0.1258741258741259,0.24031007751937986,98,125,18,31
0.6400000000000001,0.8125,0.8482142857142857,0.7364341085271318,0.7883817427385892,0.8811188811188811,0.11888111888111888,0.26356589147286824,95,126,17,34
0.66,0.8161764705882353,0.8623853211009175,0.7286821705426356,0.7899159663865546,0.8951048951048951,0.1048951048951049,0.2713178294573643,94,128,15,35
0.68,0.8051470588235294,0.8584905660377359,0.7054263565891473,0.774468085106383,0.8951048951048951,0.1048951048951049,0.29457364341085274,91,128,15,38
0.7000000000000001,0.8014705882352942,0.8571428571428571,0.6976744186046512,0.7692307692307693,0.8951048951048951,0.1048951048951049,0.3023255813953488,90,128,15,39
0.7200000000000001,0.7904411764705882,0.86,0.6666666666666666,0.7510917030567685,0.9020979020979021,0.0979020979020979,0.3333333333333333,86,129,14,43
0.7400000000000001,0.7941176470588235,0.8686868686868687,0.6666666666666666,0.7543859649122807,0.9090909090909091,0.09090909090909091,0.3333333333333333,86,130,13,43
0.7600000000000001,0.7977941176470589,0.8854166666666666,0.6589147286821705,0.7555555555555555,0.9230769230769231,0.07692307692307693,0.34108527131782945,85,132,11,44
0.7800000000000001,0.7830882352941176,0.8804347826086957,0.627906976744186,0.7330316742081447,0.9230769230769231,0.07692307692307693,0.37209302325581395,81,132,11,48
0.8000000000000002,0.7720588235294118,0.8850574712643678,0.5968992248062015,0.7129629629629629,0.9300699300699301,0.06993006993006994,0.40310077519379844,77,133,10,52
0.8200000000000002,0.7647058823529411,0.9012345679012346,0.5658914728682171,0.6952380952380952,0.9440559440559441,0.055944055944055944,0.43410852713178294,73,135,8,56
0.8400000000000001,0.7389705882352942,0.9142857142857143,0.49612403100775193,0.6432160804020101,0.958041958041958,0.04195804195804196,0.5038759689922481,64,137,6,65
0.8600000000000001,0.7279411764705882,0.9365079365079365,0.4573643410852713,0.6145833333333334,0.972027972027972,0.027972027972027972,0.5426356589147286,59,139,4,70
0.8800000000000001,0.7022058823529411,0.9615384615384616,0.3875968992248062,0.5524861878453039,0.986013986013986,0.013986013986013986,0.6124031007751938,50,141,2,79
0.9000000000000001,0.6544117647058824,0.972972972972973,0.27906976744186046,0.43373493975903615,0.993006993006993,0.006993006993006993,0.7209302325581395,36,142,1,93
