feature,train_mean,field_mean,ks_statistic,ks_pvalue,wasserstein_distance,psi,shift_status
animal_id,52.32720588235294,48.05802506974678,0.18073529411764705,0.11023813441123867,6.028886390738157,1.0700547812531807,SIGNIFICANT_SHIFT
binary_target,0.4742647058823529,0.5077624601505437,0.42573529411764705,1.9623006677953814e-07,0.2715693442550785,4.064323473205369,SIGNIFICANT_SHIFT
raw_label,1.6433823529411764,1.6902907508433669,0.26573529411764707,0.003995045452498381,0.32880542801579293,0.09526570610363572,STABLE
raw_sequence_length,134.36764705882354,143.24055210973557,0.27808823529411764,0.0022101252955709313,9.029722146000433,0.5438735626640515,SIGNIFICANT_SHIFT
torso_length,0.05626487816848294,0.06001903776927959,0.34102941176470586,6.96400566317591e-05,0.003754159600796653,0.4527570192083829,SIGNIFICANT_SHIFT
back_arch_curvature,-0.02365194167984607,-0.02637429345625856,0.09382352941176471,0.8128971803326441,0.012707929301590513,0.07727296151092367,STABLE
head_nodding_amplitude,0.6993369266719502,0.7445131654214504,0.19323529411764706,0.07331441848623202,0.08103457844845859,0.29263405998603786,SIGNIFICANT_SHIFT
torso_normalized_stride_length,14.705865859985352,15.948473841482553,0.25985294117647056,0.005223554719260998,1.377874271297911,0.47444050084830136,SIGNIFICANT_SHIFT
stance_timing_asymmetry,0.0,0.0,0.0,1.0,0.0,0.0,STABLE
normalized_walking_speed,0.09783455662374545,0.10117216981007776,0.14558823529411766,0.2990238512984163,0.005632348732720939,0.14088304965496976,MODERATE_SHIFT
knee_flexion_range,38.84534075680901,37.73107280819286,0.2101470588235294,0.040441479588965476,4.551661334453489,0.5476887783732844,SIGNIFICANT_SHIFT
