target_sensitivity,target_ci_half_width,expected_prevalence,required_lame_cows,required_total_cows,recommended_videos_per_cow,total_recommended_videos
0.75,0.05,0.2,289,1445,2,2890
0.75,0.05,0.3,289,964,2,1928
0.75,0.05,0.4,289,723,2,1446
0.75,0.08,0.2,113,565,2,1130
0.75,0.08,0.3,113,377,2,754
0.75,0.08,0.4,113,283,2,566
0.75,0.1,0.2,73,365,2,730
0.75,0.1,0.3,73,244,2,488
0.75,0.1,0.4,73,183,2,366
0.8,0.05,0.2,246,1230,2,2460
0.8,0.05,0.3,246,820,2,1640
0.8,0.05,0.4,246,615,2,1230
0.8,0.08,0.2,97,485,2,970
0.8,0.08,0.3,97,324,2,648
0.8,0.08,0.4,97,243,2,486
0.8,0.1,0.2,62,310,2,620
0.8,0.1,0.3,62,207,2,414
0.8,0.1,0.4,62,155,2,310
0.85,0.05,0.2,196,980,2,1960
0.85,0.05,0.3,196,654,2,1308
0.85,0.05,0.4,196,490,2,980
0.85,0.08,0.2,77,385,2,770
0.85,0.08,0.3,77,257,2,514
0.85,0.08,0.4,77,193,2,386
0.85,0.1,0.2,49,245,2,490
0.85,0.1,0.3,49,164,2,328
0.85,0.1,0.4,49,123,2,246
0.9,0.05,0.2,139,695,2,1390
0.9,0.05,0.3,139,464,2,928
0.9,0.05,0.4,139,348,2,696
0.9,0.08,0.2,55,275,2,550
0.9,0.08,0.3,55,184,2,368
0.9,0.08,0.4,55,138,2,276
0.9,0.1,0.2,35,175,2,350
0.9,0.1,0.3,35,117,2,234
0.9,0.1,0.4,35,88,2,176
